category_id,has_wifi,has_ac,has_parking,avg_report_score,total_bookmarks,total_reports,hour_of_day,day_of_week,capacity_estimate,quiet_label
1,1,0,1,2.21,116,30,18,5,1,0
2,1,1,1,2.68,123,16,4,5,1,1
3,0,0,1,3.42,102,33,5,6,3,2
6,0,0,0,2.88,96,30,0,1,3,1
1,1,1,0,3.3,139,27,12,3,2,1
2,1,1,1,3.45,126,15,17,0,1,2
6,0,1,1,3.51,111,20,6,4,1,2
3,0,0,1,3.9,142,28,18,3,2,2
3,0,0,1,2.82,95,21,3,4,1,1
2,0,1,1,3.43,132,31,23,1,3,1
2,1,1,0,2.69,116,38,10,2,3,1
6,0,0,0,3.05,123,26,12,0,2,1
3,0,0,1,3.38,111,28,17,2,2,2
4,1,1,1,2.89,133,40,1,4,3,0
2,1,0,1,3.73,162,18,21,0,2,2
2,1,1,1,2.89,106,36,20,1,3,0
1,1,1,0,3.42,149,15,2,5,1,2
3,1,0,1,3.55,132,27,12,6,2,2
3,0,0,1,3.67,111,15,18,5,1,2
3,0,0,1,3.96,141,38,8,3,3,2
4,1,1,1,2.03,83,17,12,5,1,0
1,1,1,1,2.77,121,20,16,6,2,0
2,1,1,1,2.58,122,35,19,2,3,0
2,1,1,0,2.8,114,21,23,0,1,0
3,1,0,1,3.63,167,29,20,0,3,2
3,0,0,1,3.17,105,28,2,2,1,1
3,0,0,1,3.5,107,7,20,5,1,2
5,0,0,1,2.12,74,27,2,5,1,0
5,0,1,0,4.04,123,21,3,0,2,2
6,0,1,1,3.1,119,7,10,4,3,0
3,0,0,0,2.27,69,24,13,1,1,0
4,1,1,1,1.45,78,25,12,2,3,0
2,1,1,0,3.23,117,23,17,1,1,1
3,0,0,1,3.33,128,35,16,5,3,0
3,0,0,1,1.33,58,28,22,4,2,0
6,0,1,1,3.88,153,33,16,1,3,2
2,0,0,0,4.46,160,36,8,3,3,2
4,1,1,0,4.01,164,19,22,6,1,2
3,0,0,1,2.73,112,15,13,2,2,0
5,1,0,0,4.67,169,30,11,5,2,2
3,0,0,1,3.12,132,6,23,0,1,1
3,0,0,1,2.67,112,30,11,1,3,1
4,1,1,1,2.71,113,40,19,2,3,1
4,1,1,0,2.43,128,12,11,2,1,1
2,1,1,1,2.67,115,22,23,5,3,1
6,1,0,1,1.83,95,27,2,6,3,0
1,1,0,0,3.61,147,20,2,4,1,2
3,0,0,0,3.19,121,8,14,4,1,2
3,0,0,1,3.55,121,30,9,4,2,2
5,0,1,1,2.01,93,22,8,5,1,0
3,0,0,1,2.54,107,19,13,1,1,0
4,1,1,1,2.97,134,23,19,3,1,1
3,0,0,0,1.66,73,17,23,0,1,0
3,0,0,1,3.85,116,15,3,3,1,2
3,0,0,0,2.33,80,12,4,3,2,0
2,1,1,1,1.69,109,25,2,6,2,0
3,1,0,0,3.04,119,21,19,0,2,0
3,1,0,1,2.01,91,32,17,4,1,0
2,1,1,1,3.82,159,37,23,3,2,2
3,0,0,1,3.31,107,29,12,1,2,2
3,0,0,1,3.63,117,15,15,0,2,2
4,1,1,0,2.57,128,25,7,6,3,0
1,1,1,0,3.82,167,22,16,3,1,2
3,0,0,0,2.25,86,12,23,1,1,0
6,1,0,1,2.19,123,32,3,2,2,0
2,1,0,1,2.14,85,29,20,0,3,0
1,1,1,1,2.79,103,14,20,0,1,1
2,1,0,1,3.35,155,7,23,0,2,2
2,1,0,1,3.31,142,28,5,4,3,2
6,0,1,0,2.59,103,6,5,3,1,0
4,1,1,1,2.84,106,39,10,4,3,0
3,0,0,0,3.21,126,26,12,6,2,1
5,1,1,1,2.93,120,15,8,6,1,1
5,0,0,1,4.17,126,22,22,4,1,2
2,1,1,1,4.03,168,34,22,6,1,2
5,0,1,1,1.85,69,8,9,3,1,0
4,1,1,1,4.5,166,21,17,3,3,2
6,1,0,1,3.0,146,16,16,0,1,1
3,1,0,1,2.43,119,31,9,2,3,0
4,1,0,1,3.69,149,13,12,3,2,2
4,0,1,1,2.92,125,24,11,4,3,1
3,0,0,1,2.37,94,32,18,4,3,0
2,1,1,0,3.2,136,15,1,2,1,1
3,0,0,0,1.49,53,7,13,1,3,0
3,1,0,1,3.81,147,12,13,2,2,2
2,1,1,0,1.94,114,12,12,3,1,0
3,0,0,1,2.56,93,40,9,1,3,1
3,0,0,0,2.67,103,36,13,5,1,0
4,1,0,1,2.39,104,32,17,6,2,1
3,0,0,1,2.81,117,41,23,4,3,2
3,0,0,1,2.97,100,18,15,2,1,1
3,1,0,0,4.91,188,30,8,6,1,2
2,1,1,1,2.62,103,21,16,0,1,0
4,0,0,1,3.07,127,18,3,4,3,1
2,0,1,1,2.63,113,34,10,3,3,0
1,1,1,0,2.31,110,19,1,2,3,0
1,1,1,0,3.05,124,38,11,6,3,1
2,1,1,1,2.82,119,24,10,3,1,1
3,0,0,1,3.63,143,27,13,6,3,2
5,1,1,0,3.54,150,21,1,1,2,2
3,0,0,1,2.06,92,13,3,4,1,0
2,1,1,1,2.4,124,10,8,6,1,0
2,1,0,0,3.1,148,21,17,2,3,1
3,1,0,1,2.74,121,17,1,0,2,1
1,1,1,1,3.73,148,24,14,3,3,2
3,0,0,1,2.0,97,35,19,2,3,0
4,1,1,1,2.59,99,19,4,0,1,0
4,1,1,1,1.78,95,14,5,4,2,0
1,1,1,1,3.87,167,23,19,1,1,2
2,1,1,1,3.38,136,33,3,2,3,1
1,0,0,1,2.85,89,32,6,1,3,1
4,1,1,1,2.84,108,12,20,5,3,0
3,0,0,0,3.55,126,38,16,2,3,1
2,1,1,1,3.71,170,33,13,0,3,2
4,1,1,1,2.45,106,20,14,0,2,0
4,1,1,1,2.16,122,24,14,6,3,0
2,1,1,1,3.25,147,16,18,2,2,2
2,1,0,1,2.06,94,8,22,3,3,0
6,0,1,1,2.09,67,11,7,3,1,0
3,0,0,1,2.86,96,19,5,3,2,1
3,0,0,1,2.97,104,40,20,5,2,1
3,0,0,1,2.81,100,15,20,5,1,0
1,1,1,1,3.52,147,10,13,3,1,2
5,1,1,1,3.13,126,22,10,4,1,1
4,1,0,1,4.36,156,33,13,5,3,2
3,0,0,1,1.86,86,27,22,5,1,0
1,0,1,1,3.69,124,21,8,6,1,2
3,0,0,1,2.02,76,33,20,3,3,0
3,0,0,1,2.84,118,9,5,6,1,1
4,1,1,0,3.31,123,10,18,4,1,1
2,1,0,1,3.85,161,19,12,4,2,2
1,1,1,1,3.55,148,31,20,6,3,1
1,1,1,1,2.05,120,32,7,3,3,0
2,1,1,1,5.0,183,25,0,3,3,2
6,1,1,1,2.25,101,17,5,5,2,0
2,1,1,1,2.69,132,19,9,1,1,1
2,1,0,1,3.57,157,34,20,1,3,2
3,0,0,1,3.58,141,21,15,4,2,2
2,1,1,1,1.84,91,35,7,2,3,0
1,1,1,0,3.64,156,36,23,4,1,2
6,0,0,1,3.77,131,12,21,5,1,2
4,1,1,1,2.29,110,11,22,6,1,0
5,1,0,1,2.92,138,39,11,4,3,1
3,1,0,1,3.94,177,22,11,0,2,2
3,0,0,1,3.15,106,18,12,5,2,1
4,1,1,1,3.2,135,17,23,2,2,2
4,1,0,1,1.55,100,8,16,5,3,0
2,1,1,0,2.62,102,32,1,0,3,0
4,1,1,1,2.26,95,30,6,4,3,0
3,1,0,0,2.71,129,22,19,0,2,1
3,1,0,1,1.55,71,25,12,1,3,0
3,1,0,0,2.46,117,21,2,0,3,1
3,0,0,0,3.9,147,16,2,4,1,2
6,1,0,0,2.95,129,30,17,6,2,1
3,0,0,1,1.52,46,14,0,6,1,0
3,0,0,1,2.86,89,39,11,2,3,2
5,1,1,0,3.06,137,18,23,3,1,1
4,1,1,0,2.86,129,33,12,6,3,1
3,0,0,0,2.59,84,14,2,5,1,1
2,0,1,1,3.67,110,15,5,4,1,2
3,0,0,1,2.29,87,25,16,0,2,0
1,1,1,1,1.72,93,32,3,4,3,0
3,0,0,1,2.91,118,32,12,2,3,1
3,1,0,1,3.27,128,8,5,6,1,2
3,0,0,1,4.33,167,16,21,3,1,2
3,1,0,1,2.79,126,16,14,5,1,1
3,0,0,1,2.3,79,25,13,5,2,0
4,1,1,1,2.42,120,27,13,4,3,1
4,1,1,0,2.87,131,35,17,0,2,1
1,1,1,0,3.1,128,36,22,2,2,2
6,0,0,1,3.63,142,24,5,4,2,2
6,0,1,1,2.99,108,29,16,5,1,0
3,0,0,1,2.02,62,20,13,3,1,0
3,0,0,1,3.48,104,34,23,5,2,2
2,1,1,1,2.45,93,24,11,5,3,0
6,1,0,1,2.58,113,27,6,0,2,0
2,0,1,1,1.92,58,33,6,6,2,0
6,0,1,0,4.15,152,21,10,5,2,2
2,1,1,0,3.67,149,28,12,2,2,2
3,0,0,1,3.64,114,12,0,3,2,1
3,0,0,1,2.89,93,34,13,5,1,0
3,0,0,1,1.73,79,15,2,0,2,0
1,1,1,1,3.21,148,38,13,1,1,0
1,1,1,1,2.97,111,30,3,3,1,1
3,1,0,1,3.86,169,30,2,5,3,2
4,1,1,1,2.32,93,21,3,1,2,0
2,1,1,1,3.99,165,15,1,1,1,2
4,1,1,0,2.45,104,19,10,2,2,0
1,1,1,1,3.19,134,14,19,6,1,1
3,0,0,1,1.78,72,38,7,3,3,0
1,1,1,0,2.71,109,25,22,2,3,0
2,1,1,1,2.88,144,14,16,1,3,1
3,0,0,1,3.93,120,17,10,4,1,2
5,1,1,1,3.25,135,13,4,5,1,1
1,1,1,1,2.62,135,27,6,5,1,1
3,0,0,0,3.01,116,27,12,6,3,1
3,0,0,1,2.97,101,19,23,3,1,2
3,0,0,1,2.81,96,31,23,1,3,1
3,0,0,1,3.31,120,38,9,3,2,1
6,0,0,1,4.13,150,6,15,4,1,2
1,0,1,1,2.4,93,41,4,6,3,1
2,1,1,0,3.77,151,36,22,5,2,2
3,0,0,0,4.08,129,22,3,6,1,2
3,1,0,1,4.27,155,14,4,5,3,2
6,0,1,1,4.42,157,20,13,6,3,2
2,0,1,1,3.62,133,19,23,4,2,2
3,0,0,1,3.02,112,21,11,5,2,2
5,0,1,1,2.23,78,11,17,3,3,0
1,0,1,0,3.23,123,21,9,6,1,2
4,1,1,1,2.81,112,19,13,3,3,1
2,1,0,1,3.15,133,33,17,3,3,1
1,1,1,1,3.08,130,33,22,0,3,1
1,1,1,1,3.19,153,33,4,4,3,1
6,0,1,1,4.4,143,32,14,1,1,2
2,1,0,0,1.9,91,38,7,4,3,0
1,1,0,0,2.15,114,17,17,4,1,0
6,0,1,1,4.07,135,9,8,5,1,2
4,1,1,0,3.72,141,30,15,6,2,2
4,1,1,1,3.63,153,6,23,1,1,1
2,1,1,1,3.76,158,29,18,5,3,2
4,1,1,1,2.85,115,27,4,4,2,0
2,1,1,1,3.78,170,22,11,6,2,2
6,0,0,1,1.54,79,19,11,4,2,0
4,1,1,0,2.0,98,35,22,2,3,0
2,1,0,1,2.55,101,19,3,3,3,1
3,0,0,1,1.77,90,29,15,3,1,0
4,1,1,1,2.93,134,16,5,2,1,0
1,1,1,0,3.02,110,11,0,1,1,2
4,1,1,1,3.44,157,10,13,3,1,2
3,0,0,1,2.87,125,32,11,6,3,1
1,1,1,1,2.55,103,21,19,3,1,0
4,1,1,1,3.16,120,24,1,5,1,1
4,1,1,1,4.24,157,8,16,4,1,2
5,1,0,0,3.33,157,13,14,5,1,2
2,0,1,1,3.0,93,41,2,3,3,1
3,0,0,1,3.13,117,14,6,2,1,1
2,1,1,1,1.69,81,21,2,1,1,0
6,0,0,1,4.35,155,38,6,3,2,2
3,0,0,1,2.83,121,26,12,3,2,0
3,1,0,1,2.29,99,27,14,6,2,0
3,0,0,1,1.78,89,19,15,3,1,0
3,0,0,0,3.6,131,8,18,4,1,1
2,1,0,1,2.75,117,15,13,3,3,1
3,0,0,1,2.25,79,38,18,3,1,0
3,1,0,1,3.0,134,8,9,3,2,1
2,1,0,1,2.87,109,36,12,3,3,1
2,1,1,0,2.57,107,17,13,0,1,1
2,1,1,1,4.76,193,8,2,6,1,2
1,0,1,0,2.95,94,12,21,2,3,0
3,0,0,0,2.93,97,36,13,2,3,1
4,1,1,1,3.23,143,32,17,0,3,1
2,1,0,0,2.23,108,7,13,0,3,0
2,1,1,1,3.49,146,23,23,5,2,2
3,1,0,1,4.03,167,20,12,2,1,1
3,0,0,1,1.92,82,35,18,6,3,0
3,0,0,0,2.99,113,35,18,1,3,2
2,1,1,1,3.57,155,31,12,2,3,2
1,1,1,1,3.21,134,25,9,2,3,1
2,1,0,1,2.86,137,34,2,6,2,0
3,0,0,0,3.07,127,39,1,3,3,1
5,1,1,1,3.77,146,27,0,1,2,2
4,1,1,1,2.97,122,17,13,1,1,2
2,1,1,1,3.32,153,33,11,5,3,2
2,1,1,1,2.79,132,13,7,0,1,1
4,1,1,1,2.56,123,16,18,2,2,1
3,0,0,1,2.92,103,14,2,2,1,1
3,0,0,0,4.61,140,31,22,4,3,2
3,0,0,1,2.45,88,10,4,0,2,0
3,0,0,1,2.48,103,30,23,3,1,1
5,1,1,1,2.27,116,35,2,6,3,0
1,1,1,0,3.08,126,29,18,3,1,1
3,0,0,1,2.13,87,36,17,1,1,0
2,1,1,1,2.67,137,14,14,3,3,1
3,0,0,0,2.16,101,14,11,6,1,0
3,1,0,1,2.44,115,21,19,0,1,0
1,1,1,1,3.26,141,20,15,4,1,1
3,0,0,1,1.54,52,37,14,4,3,0
3,1,0,0,2.57,118,10,21,1,1,0
2,1,1,0,2.38,107,23,18,0,2,0
4,1,0,1,3.67,147,28,2,3,2,2
2,1,0,0,4.02,149,23,19,6,1,2
2,1,1,1,2.71,110,15,11,2,3,1
6,0,1,1,3.43,108,24,21,4,3,1
5,1,0,1,3.26,154,15,11,2,1,2
3,0,0,0,2.98,115,35,2,3,3,1
3,0,0,0,2.29,100,18,8,0,3,0
1,1,1,1,2.14,84,9,6,1,1,0
6,0,1,0,3.18,128,7,1,4,3,2
6,0,1,1,2.61,81,28,3,5,2,1
3,0,0,1,3.88,132,12,0,4,1,2
3,0,0,1,3.08,95,25,7,4,1,1
4,1,1,1,4.03,165,15,11,4,1,1
5,0,1,1,3.13,96,25,2,5,2,1
3,0,0,0,3.84,115,16,2,6,2,2
2,1,1,1,3.54,132,9,3,5,1,1
1,1,1,0,3.95,167,31,12,2,1,2
3,0,0,1,5.0,158,21,19,0,2,2
1,1,0,1,2.08,116,23,3,4,1,0
3,1,0,1,2.63,105,11,4,4,1,0
4,1,1,1,3.41,145,28,6,5,3,1
2,1,1,1,3.22,134,16,2,2,2,1
1,1,1,1,3.57,162,25,8,4,2,2
2,1,1,0,1.69,96,16,8,2,1,0
3,0,0,1,1.81,85,23,1,2,1,0
2,0,1,0,2.85,98,19,15,6,1,1
1,1,1,1,2.22,103,7,0,6,1,0
1,1,0,1,3.1,140,14,3,6,1,1
2,0,1,1,4.12,151,38,17,0,2,2
4,1,1,1,3.28,133,8,13,2,1,1
5,1,1,1,3.36,154,9,19,3,1,1
4,1,1,1,2.94,138,19,4,1,2,1
4,1,1,1,3.08,115,14,19,6,1,1
5,1,1,1,2.84,141,20,6,6,1,1
1,1,1,0,2.49,110,10,22,5,1,1
5,0,1,1,2.94,126,40,19,6,3,1
5,1,1,1,3.63,153,31,4,2,3,2
3,0,0,1,3.9,155,14,18,3,1,2
4,1,1,0,3.99,142,24,3,2,1,2
1,1,1,1,2.08,111,34,17,5,1,0
6,1,1,1,4.87,195,25,4,6,1,2
5,0,0,1,2.65,100,21,16,4,1,0
4,1,1,1,2.31,99,40,7,6,1,0
3,0,0,1,3.12,94,14,11,4,1,1
1,1,1,1,4.34,161,19,11,2,2,2
3,0,0,1,3.11,122,27,12,0,1,1
6,0,0,1,3.37,136,18,2,5,3,1
2,1,0,1,4.2,163,17,14,2,1,2
1,1,1,0,3.78,158,20,6,0,1,2
1,1,1,1,1.9,83,30,22,4,2,0
3,0,0,1,2.25,67,14,0,6,2,0
3,1,0,1,3.62,153,28,1,0,3,2
3,0,0,0,3.47,126,8,0,1,2,2
2,0,1,0,3.3,124,24,5,3,2,1
2,1,1,1,3.09,117,18,7,3,2,1
6,0,0,0,2.55,81,12,2,0,1,1
3,1,0,1,2.86,112,33,19,5,3,2
1,1,1,1,2.83,127,35,9,0,1,0
4,1,1,0,1.63,89,13,7,3,2,0
2,0,1,1,2.14,82,10,6,2,1,0
2,0,1,1,2.17,101,27,8,5,1,1
4,1,1,1,3.11,130,17,8,3,1,1
4,1,1,1,3.75,162,16,15,2,1,1
3,1,0,1,2.76,138,34,2,6,2,0
3,0,0,0,3.25,126,18,3,4,1,2
3,0,0,1,2.79,115,15,21,5,1,1
1,1,1,1,3.11,122,34,23,2,3,1
4,1,0,1,3.01,146,23,15,0,2,2
5,1,1,1,3.95,149,23,23,0,2,2
2,0,1,1,3.03,119,30,20,4,2,1
1,1,1,1,3.41,148,16,4,3,2,1
3,1,0,1,2.66,137,12,10,2,1,0
3,0,0,0,3.27,106,12,19,6,1,2
6,0,0,0,1.97,79,28,3,6,3,0
3,1,0,1,3.3,130,31,14,2,1,2
2,1,1,1,1.86,103,13,11,1,1,0
3,0,0,1,4.2,158,22,19,1,1,2
3,0,0,1,3.0,104,33,2,2,1,1
2,1,0,1,2.46,94,30,3,6,1,1
4,1,1,1,3.95,176,18,10,6,1,2
2,0,0,1,2.65,96,15,22,2,1,1
3,1,0,1,2.19,87,6,23,6,1,0
6,1,0,0,4.16,150,24,5,1,3,2
1,1,1,1,1.96,95,11,16,6,1,0
4,0,1,1,4.82,181,7,19,6,2,2
6,0,0,1,3.82,150,18,13,5,2,2
3,0,0,1,1.9,89,23,0,1,2,0
3,0,0,1,3.38,131,7,7,4,1,2
4,0,1,1,3.89,126,23,4,4,3,2
1,1,0,1,2.65,102,39,13,6,2,1
1,1,1,1,1.55,83,31,18,1,3,0
2,1,1,1,4.38,154,31,13,1,3,2
5,1,1,1,3.28,151,40,23,1,2,2
3,0,0,1,2.15,92,14,20,5,2,0
3,0,0,1,1.43,65,13,11,0,1,0
2,1,0,1,3.2,137,41,18,2,3,1
3,0,0,1,3.76,113,39,1,6,3,2
4,1,1,1,1.21,61,12,11,2,2,0
2,0,0,1,2.35,94,18,12,5,1,0
3,0,0,1,2.36,90,33,17,5,3,0
3,0,0,1,3.26,112,35,7,5,2,2
2,0,0,1,3.09,122,23,22,1,2,1
3,1,0,1,3.44,136,17,22,4,2,1
3,0,0,1,2.49,112,11,5,3,1,1
1,1,1,1,2.11,110,39,10,2,2,0
2,1,0,0,2.58,128,24,12,2,2,0
5,1,0,1,3.88,163,29,11,5,2,2
3,0,0,0,2.19,73,20,22,5,2,0
4,1,0,1,2.69,121,11,14,1,1,1
4,1,0,0,2.32,120,14,0,1,1,0
1,1,1,1,2.11,87,24,13,1,3,0
3,0,0,1,3.37,123,18,14,0,2,2
3,0,0,0,2.15,68,31,10,3,3,1
2,1,1,1,3.46,154,7,12,0,1,2
3,0,0,0,4.25,136,20,16,3,2,2
3,0,0,0,2.07,100,16,9,3,2,1
3,0,0,0,1.13,47,26,18,2,2,0
3,0,0,1,4.34,136,27,11,4,2,2
5,1,1,0,3.64,157,10,0,0,3,1
3,0,0,1,2.61,80,18,22,1,1,0
3,1,0,0,2.7,119,40,3,6,3,1
3,0,0,1,3.02,99,26,6,5,2,1
3,0,0,1,4.22,153,21,9,6,2,2
3,0,0,1,2.66,107,25,21,0,3,1
6,1,1,1,3.23,130,14,20,1,1,2
2,1,1,0,4.22,180,13,12,4,2,2
1,1,0,0,1.97,84,14,23,3,1,0
2,1,1,1,2.44,104,21,23,4,1,0
2,1,0,1,3.46,160,19,8,6,2,1
4,1,0,1,2.95,120,8,15,5,1,1
3,0,0,1,2.25,95,17,16,0,3,0
6,1,0,1,2.77,121,32,1,2,3,1
4,1,0,0,1.97,81,33,20,3,3,0
3,1,0,1,3.45,130,31,6,3,2,1
2,1,1,1,2.16,91,22,0,0,1,0
3,0,0,1,2.75,101,23,7,5,2,1
5,1,0,1,3.84,138,30,17,4,1,1
1,0,1,1,3.88,136,24,4,3,3,2
3,0,0,1,2.6,80,26,21,3,3,1
3,1,0,1,3.39,128,26,11,1,3,2
2,1,1,1,3.74,154,13,20,6,1,2
1,1,1,1,3.54,141,12,6,2,1,2
5,0,0,1,3.23,108,14,19,5,1,2
3,1,0,1,1.95,80,21,22,3,3,0
2,1,0,1,1.97,87,41,12,1,2,0
6,0,0,1,2.36,83,10,11,3,1,0
2,0,0,1,4.09,134,32,4,5,2,2
3,0,0,1,2.82,90,16,21,2,1,1
3,0,0,1,4.19,139,14,0,5,1,2
5,1,1,1,3.46,129,21,11,2,1,2
5,1,1,1,3.83,171,28,2,5,3,2
3,0,0,1,2.37,104,18,9,3,2,0
2,0,1,0,2.99,110,16,23,4,1,1
3,1,0,0,2.14,107,35,17,4,3,0
3,0,0,1,2.93,123,25,15,5,2,0
3,0,0,0,1.46,43,35,22,2,2,0
1,1,1,1,3.8,143,38,4,2,3,2
4,0,1,0,1.93,72,7,23,4,2,0
6,0,1,1,2.41,79,16,18,0,1,0
6,0,0,0,4.23,150,25,5,2,3,2
4,1,1,1,2.05,92,32,5,6,3,0
4,1,1,0,2.8,128,23,17,4,2,1
4,1,1,0,3.57,143,15,9,5,3,1
3,0,0,0,3.49,129,34,4,3,3,2
4,1,1,1,3.59,140,18,17,5,1,2
3,1,0,1,1.4,97,27,13,6,2,0
2,1,1,1,3.13,135,14,1,6,3,1
4,1,0,1,2.46,98,11,2,3,1,0
4,1,1,0,3.79,137,23,5,4,1,2
3,0,0,0,3.84,139,15,23,1,1,2
3,1,0,1,3.1,130,20,12,1,2,0
3,0,0,0,4.02,132,16,9,5,1,2
3,0,0,0,3.36,113,15,21,2,1,1
4,1,1,0,3.04,138,12,19,3,1,1
6,0,1,1,2.82,101,32,0,1,2,1
5,1,0,1,3.21,143,25,2,4,2,1
3,0,0,1,2.66,105,31,18,0,3,1
1,1,0,1,2.62,129,30,13,1,2,0
4,0,1,1,2.94,96,7,21,0,1,0
3,0,0,1,3.31,138,29,22,2,3,2
3,0,0,0,3.52,136,8,1,1,3,1
3,0,0,1,2.65,98,37,5,0,3,0
4,1,1,1,2.41,119,21,17,5,3,0
5,1,1,1,3.22,148,14,5,2,1,2
1,1,0,1,2.6,101,15,9,0,1,1
5,1,0,1,4.63,191,14,18,4,1,2
4,1,1,1,2.96,110,30,3,0,3,1
6,1,0,0,1.51,90,28,9,2,2,0
3,0,0,0,3.44,110,32,0,0,2,2
3,0,0,1,3.77,118,17,20,4,1,2
3,0,0,1,2.69,95,21,16,6,2,0
2,1,0,1,3.89,159,25,3,3,3,2
3,0,0,1,3.29,136,20,4,1,1,2
3,0,0,0,2.51,104,11,12,6,1,0
2,1,0,1,3.12,125,18,12,3,2,2
3,0,0,0,3.63,112,22,20,4,3,1
4,1,1,0,2.44,117,32,12,3,3,0
4,1,1,1,3.1,132,24,4,5,3,1
4,1,1,1,3.29,135,28,21,3,3,1
1,1,1,1,3.51,142,28,9,3,2,1
4,1,1,0,2.64,100,39,19,2,3,1
3,0,0,1,3.2,105,16,17,3,1,1
5,1,1,0,2.71,112,29,23,2,3,1
2,1,0,0,3.04,123,18,2,2,3,1
3,0,0,0,3.21,106,17,9,1,1,1
2,1,1,0,3.27,136,15,10,6,1,2
3,0,0,1,3.38,135,17,16,4,1,1
6,0,0,1,3.37,139,6,8,0,1,2
2,1,1,1,3.76,157,22,14,6,1,2
2,1,1,0,2.92,120,19,7,0,2,1
2,1,1,1,2.79,126,15,8,6,2,1
3,0,0,1,2.69,80,27,10,5,2,0
6,0,0,1,3.13,114,14,3,6,2,1
2,1,0,1,3.01,132,29,7,2,3,1
4,1,0,0,2.25,105,24,20,3,2,0
3,0,0,0,2.76,99,17,2,0,3,1
1,1,1,1,4.1,154,31,22,5,3,2
2,1,1,0,2.61,125,13,23,6,1,1
1,1,1,1,2.57,124,11,12,2,1,1
5,1,1,0,3.15,146,30,6,1,3,1
4,1,1,1,4.36,168,28,23,4,3,2
1,0,1,1,3.0,117,38,5,3,3,1
3,0,0,1,1.76,88,34,14,1,3,0
1,1,1,1,3.42,147,40,0,1,3,1
1,1,1,0,3.79,167,34,7,1,3,2
3,0,0,1,2.89,119,32,17,3,3,1
3,0,0,0,2.73,115,16,8,2,1,1
3,0,0,1,2.46,112,6,13,0,1,0
4,1,1,0,4.36,165,19,5,0,2,2
4,1,0,1,2.5,132,25,2,6,1,0
3,0,0,1,2.34,82,12,10,0,1,0
3,0,0,0,3.42,124,12,12,1,1,1
3,0,0,1,2.75,103,34,16,0,3,1
3,0,0,1,1.7,66,14,17,6,3,0
3,0,0,1,2.71,108,35,16,1,3,0
3,0,0,1,3.55,140,17,23,4,3,2
3,0,0,1,2.46,80,28,20,5,3,0
4,1,1,0,3.14,135,12,20,3,3,1
6,0,1,1,3.01,110,14,15,0,1,1
5,1,1,1,3.17,140,7,6,3,1,1
3,0,0,0,2.96,127,13,11,6,1,1
4,1,1,1,2.41,112,32,10,4,3,0
2,1,1,1,2.97,133,28,19,5,2,1
5,1,1,1,3.92,137,8,9,2,1,2
3,0,0,1,3.43,107,25,23,1,3,1
3,0,0,1,2.61,100,18,4,1,1,1
3,0,0,0,2.56,98,10,12,5,1,0
2,0,0,0,2.46,95,28,9,2,3,0
3,0,0,0,3.77,144,39,9,5,2,2
4,0,1,1,1.56,75,16,16,0,2,0
3,1,0,0,3.39,133,21,7,6,2,1
4,1,1,1,2.14,101,10,21,1,1,0
4,1,1,0,2.99,131,9,9,1,3,1
1,1,1,0,2.66,113,29,14,0,2,0
3,0,0,0,2.38,103,21,7,0,2,0
1,1,1,1,2.48,114,31,8,0,3,0
2,1,0,1,1.85,113,20,4,5,3,0
3,1,0,1,2.14,106,19,17,5,2,0
1,1,1,0,2.88,132,14,23,6,1,1
3,0,0,1,3.64,126,33,3,0,3,2
6,0,1,1,3.31,122,35,18,6,2,1
3,0,0,0,2.39,110,32,17,0,3,0
2,1,0,1,3.09,118,20,18,5,3,1
3,0,0,1,2.36,89,20,19,6,2,0
5,1,0,1,2.44,119,24,14,0,3,0
6,0,0,0,3.29,103,24,5,2,2,2
1,1,1,1,3.59,153,8,4,5,2,2
4,1,1,1,3.38,129,28,13,1,3,1
4,1,1,1,2.96,138,32,3,0,3,1
3,1,0,0,3.38,141,29,0,4,2,2
1,1,1,1,2.46,118,20,20,2,1,0
3,0,0,1,1.92,96,32,17,0,3,1
3,1,0,1,3.18,127,32,9,3,3,1
5,1,1,1,3.7,153,14,8,5,1,2
2,1,0,0,3.27,137,41,12,4,3,2
2,1,1,1,2.98,145,28,14,2,2,1
3,0,0,1,4.74,169,25,21,4,3,2
3,0,0,1,2.33,85,23,16,5,2,0
2,1,1,1,3.38,148,12,16,3,3,1
6,0,0,1,1.46,44,38,2,4,3,0
5,1,0,1,1.95,102,11,9,2,1,0
5,1,1,1,3.61,133,8,10,5,1,1
5,1,0,0,3.29,128,23,18,4,1,1
2,0,1,1,2.4,109,16,8,2,1,0
3,0,0,1,1.45,48,33,21,3,3,0
4,1,1,1,3.95,148,10,0,6,2,2
3,1,0,1,3.86,148,25,16,2,3,2
3,0,0,1,4.04,122,13,4,3,1,2
4,1,1,1,2.58,136,17,2,2,1,0
2,1,1,1,2.73,103,6,15,6,1,1
3,1,0,1,2.5,129,31,13,1,3,0
3,1,0,1,3.76,164,31,13,0,1,2
2,1,1,1,4.96,191,19,23,5,3,2
2,1,0,1,2.28,106,33,0,4,2,0
2,1,1,1,3.58,144,17,1,0,1,2
3,0,0,1,4.04,144,25,4,0,3,2
4,1,1,1,2.51,129,33,14,6,3,1
2,1,1,1,2.32,89,35,21,2,2,0
2,1,1,1,3.07,147,39,19,2,3,1
2,1,0,1,3.16,138,36,10,2,3,1
1,1,1,1,2.89,139,32,21,5,3,1
5,0,0,1,2.81,108,19,13,3,2,1
2,1,0,0,3.82,149,41,6,3,2,2
4,0,1,0,3.0,123,14,2,3,2,2
3,0,0,1,2.9,115,31,16,3,3,0
3,0,0,0,2.82,102,13,22,6,1,1
3,1,0,0,2.46,115,30,15,6,1,1
6,0,0,0,3.53,123,19,16,3,2,2
2,1,0,0,2.89,130,17,6,3,1,1
5,1,1,1,4.46,168,28,5,6,1,2
3,0,0,1,3.29,106,31,13,1,3,1
6,0,0,0,1.54,46,33,7,4,3,0
3,0,0,1,3.96,136,18,22,0,1,2
3,0,0,1,3.32,131,22,1,0,2,2
2,0,1,0,3.0,123,35,10,1,3,1
2,1,0,1,2.28,103,20,4,0,2,0
4,1,1,1,3.05,150,15,6,3,2,1
4,0,1,1,3.34,117,31,21,0,2,2
3,0,0,1,3.99,152,19,10,3,2,2
3,0,0,0,3.26,121,6,8,4,1,1
4,0,1,1,1.73,56,25,5,4,3,0
3,0,0,1,3.4,122,30,23,0,3,1
3,0,0,1,3.0,95,21,17,2,2,1
3,0,0,1,2.59,108,21,12,4,1,1
3,0,0,1,2.55,114,16,13,2,1,1
3,0,0,1,2.97,119,17,14,0,1,2
2,0,1,1,2.01,69,12,21,1,3,0
3,1,0,0,2.94,137,32,4,2,3,1
2,1,0,0,3.14,131,21,7,3,1,1
6,1,1,1,3.14,137,7,6,2,2,2
4,1,1,1,2.45,101,36,9,3,3,0
4,1,1,1,2.44,123,28,18,2,3,0
4,1,0,1,3.39,135,6,9,3,2,2
6,0,0,1,2.86,88,30,1,5,3,0
6,0,0,0,3.58,146,20,19,2,1,1
3,0,0,0,3.41,110,28,12,1,3,2
1,1,1,0,3.21,124,6,8,3,1,2
3,0,0,0,3.46,128,18,0,4,1,2
4,1,1,1,2.49,97,32,10,0,3,1
6,0,0,0,4.08,138,28,22,6,1,2
4,1,1,1,3.47,139,12,20,6,1,2
1,1,1,1,4.26,161,27,10,3,1,2
1,1,0,0,3.08,146,9,22,1,2,1
2,1,1,1,3.03,114,32,5,4,2,1
4,1,1,1,3.01,114,10,5,6,1,1
6,0,1,1,3.7,130,18,1,3,1,2
1,1,0,1,3.87,150,25,0,5,2,2
4,1,1,1,2.38,108,19,2,1,2,1
5,0,0,1,3.77,114,30,2,6,3,2
5,1,1,1,2.77,131,6,22,3,1,1
3,1,0,1,3.56,138,12,2,4,1,2
2,0,0,1,3.1,96,19,23,5,1,1
3,0,0,1,2.26,76,19,6,6,3,0
4,1,1,0,2.92,137,20,23,5,1,0
5,0,1,0,3.34,107,12,7,5,1,1
4,1,1,0,2.66,101,23,14,3,3,1
4,1,0,1,3.26,125,12,5,5,2,1
3,0,0,0,2.65,108,20,16,4,2,1
4,1,0,1,3.24,127,22,21,4,1,1
6,0,0,1,3.09,126,35,10,0,1,1
3,0,0,1,2.81,120,14,13,4,3,1
3,1,0,1,3.58,139,19,12,1,3,2
2,0,1,1,3.07,127,34,4,1,2,2
2,0,1,1,3.7,123,7,20,6,1,2
3,0,0,1,4.03,131,21,14,6,2,2
3,0,0,0,3.81,150,32,19,2,3,2
4,1,1,0,2.59,106,33,6,0,2,1
3,0,0,1,3.94,126,15,13,0,2,2
3,0,0,0,2.42,78,21,5,3,1,0
3,0,0,1,3.27,99,13,22,2,2,1
3,0,0,0,4.36,152,34,9,2,3,2
4,1,0,1,2.4,130,22,1,0,1,0
5,1,1,0,3.03,149,16,20,3,2,0
6,0,1,1,3.26,135,33,10,1,3,2
3,0,0,1,3.01,110,18,6,6,2,1
4,1,0,1,3.84,157,24,1,6,2,2
3,0,0,1,2.74,110,32,18,4,3,1
2,1,1,0,4.21,159,21,12,2,3,2
3,0,0,0,4.05,146,19,22,3,1,2
3,0,0,1,3.33,103,29,13,1,3,1
3,0,0,0,3.16,124,8,11,0,1,1
2,0,1,0,3.21,120,12,17,1,1,1
4,1,1,1,3.98,169,28,3,3,2,2
5,1,1,1,3.49,143,25,7,1,2,1
1,1,1,1,2.31,105,22,17,2,1,1
3,0,0,1,3.42,103,15,15,5,2,1
2,1,1,1,2.39,115,18,14,0,2,1
3,0,0,1,3.73,123,38,8,1,3,2
6,1,1,1,2.61,136,23,21,4,1,0
4,1,1,0,3.41,149,37,2,3,3,2
4,1,1,1,2.57,102,34,2,1,3,1
3,0,0,0,1.93,59,33,13,5,1,0
3,0,0,0,2.63,112,26,8,3,2,1
3,0,0,1,3.03,107,13,8,5,1,1
3,0,0,1,3.56,116,38,12,4,3,2
1,1,1,1,2.75,121,29,13,6,3,0
2,1,1,1,4.31,153,28,22,2,3,2
3,0,0,0,3.44,121,35,13,0,3,2
6,0,1,1,3.19,116,26,12,3,2,1
3,1,0,0,1.72,89,27,9,4,2,0
3,0,0,0,2.52,90,11,11,2,1,1
3,0,0,1,3.89,139,36,20,6,3,2
3,0,0,1,3.68,113,18,3,2,3,1
3,0,0,1,3.01,104,36,17,3,3,2
3,0,0,1,3.27,122,30,14,6,1,2
3,1,0,1,2.38,125,28,11,5,1,0
2,1,1,1,3.94,151,29,14,4,3,2
3,0,0,1,1.75,70,25,21,6,1,0
6,0,0,1,2.61,115,33,23,4,2,0
3,0,0,1,2.18,100,26,17,5,2,0
5,1,0,1,3.29,124,21,1,2,2,1
6,0,1,1,3.26,126,11,12,1,1,1
4,1,0,0,3.9,155,30,13,5,3,2
5,1,1,1,3.2,140,33,21,3,2,2
1,1,1,0,2.66,114,13,3,4,2,1
1,1,1,0,2.16,123,34,0,3,3,0
3,0,0,1,3.58,114,21,17,0,1,2
2,1,1,1,3.15,131,30,16,4,3,1
1,1,1,1,3.57,154,13,10,3,1,1
1,1,0,1,4.04,156,21,7,1,1,2
5,1,1,0,2.54,114,15,16,1,1,0
6,0,1,1,3.66,125,19,3,6,3,2
3,0,0,1,3.02,102,23,16,4,3,1
1,1,0,1,3.63,134,40,13,4,2,1
3,0,0,0,3.6,134,32,15,0,3,2
2,1,0,1,2.97,118,16,2,6,1,1
5,1,0,1,3.27,151,21,1,5,2,1
3,1,0,0,2.76,137,7,16,6,1,1
5,1,1,0,3.12,137,31,4,1,1,2
3,1,0,1,2.44,98,10,1,1,2,1
4,1,1,1,2.01,103,27,10,3,2,0
3,0,0,1,3.43,119,20,16,5,2,1
4,1,1,1,3.05,133,29,11,4,2,0
3,0,0,1,4.06,126,8,0,6,2,2
1,1,1,0,3.05,139,37,14,6,2,1
3,0,0,0,3.15,118,27,17,2,3,2
2,0,0,1,3.76,128,29,8,6,3,2
2,1,1,1,3.23,139,39,9,1,3,2
3,0,0,0,2.07,72,11,1,2,1,0
2,0,1,1,2.36,95,32,19,2,3,0
4,1,1,1,2.71,134,10,1,6,1,1
6,0,1,0,3.36,127,29,20,2,2,2
4,1,1,1,3.35,122,14,19,6,3,1
3,0,0,1,2.49,84,16,14,3,1,1
3,0,0,1,2.96,125,34,0,3,3,1
5,1,1,1,4.77,176,24,23,6,2,2
1,1,1,1,3.28,143,18,10,1,3,2
3,0,0,1,2.28,88,9,3,3,3,1
2,1,1,1,2.58,135,18,7,3,1,0
3,0,0,0,4.7,170,20,4,4,2,2
3,0,0,1,3.69,117,23,7,3,2,1
4,1,0,1,2.54,115,28,16,3,2,1
1,1,1,1,2.62,129,28,18,6,3,0
4,1,1,1,2.43,113,22,8,5,2,0
3,0,0,1,2.6,84,7,12,5,3,0
3,0,0,1,4.29,136,16,14,2,2,2
5,0,0,0,3.74,112,15,23,2,1,2
3,0,0,1,3.32,127,17,3,3,2,1
6,0,0,1,2.51,82,31,19,5,3,0
1,1,1,1,2.45,96,21,6,1,2,0
3,1,0,1,2.59,131,9,17,0,2,0
2,1,1,0,2.82,106,15,23,3,1,1
4,1,0,1,2.65,138,17,11,6,3,1
4,0,0,1,3.43,108,31,11,5,3,2
1,1,1,1,2.98,135,23,16,5,2,1
4,1,1,0,2.14,84,24,2,3,3,0
3,0,0,1,3.48,130,28,23,0,2,2
1,1,0,0,2.1,98,39,18,0,3,0
2,1,1,1,3.19,152,20,14,2,2,1
5,1,0,1,2.51,101,28,12,1,2,0
3,1,0,1,3.86,157,17,9,2,3,2
3,0,0,1,2.1,73,25,4,1,2,0
3,0,0,1,3.84,147,7,8,1,2,2
4,0,0,1,3.61,143,16,13,5,2,2
4,1,0,1,2.67,136,25,19,6,2,1
3,0,0,1,2.19,81,22,14,2,2,0
3,0,0,1,3.94,152,28,16,1,1,2
4,1,0,1,3.3,123,13,0,0,1,2
6,0,1,0,4.0,151,24,9,3,2,1
6,0,0,0,3.37,103,19,19,0,2,1
4,0,1,0,2.72,115,17,18,0,1,0
1,1,1,1,2.39,104,27,6,2,2,0
3,0,0,0,3.12,123,8,19,4,1,1
4,1,0,0,2.0,110,38,21,2,2,0
3,0,0,1,3.05,107,20,19,5,2,1
2,0,1,0,3.38,124,28,10,3,2,1
3,0,0,1,4.03,142,23,4,4,2,2
3,0,0,1,3.1,110,17,22,1,3,1
3,0,0,1,3.16,107,14,23,6,2,1
3,0,0,1,2.34,84,16,4,1,1,0
3,1,0,1,3.05,125,24,5,6,2,1
2,1,1,1,3.92,142,13,0,1,1,2
4,1,1,1,2.01,106,29,20,0,2,1
3,0,0,1,2.78,97,28,12,4,2,0
2,1,0,1,2.1,118,24,17,6,2,0
2,1,0,1,2.44,100,26,3,2,2,0
2,1,1,1,2.41,106,34,2,4,1,0
2,1,0,0,3.3,121,33,6,6,3,1
1,1,1,0,3.04,123,16,14,2,1,1
3,1,0,1,1.99,112,32,15,4,2,0
3,0,0,1,3.96,141,29,1,0,3,2
3,0,0,0,2.93,126,28,3,4,3,1
1,0,1,1,3.07,123,35,7,1,3,2
3,0,0,1,2.58,108,33,22,0,1,1
4,1,1,1,2.49,123,17,6,5,2,0
1,1,0,1,3.66,141,13,23,4,2,2
2,1,1,0,4.65,159,30,22,3,1,2
6,0,0,1,3.48,137,16,12,5,1,1
3,0,0,1,2.58,91,15,22,6,1,0
3,0,0,1,2.47,87,29,13,3,2,0
3,0,0,1,2.86,113,19,3,2,3,1
2,1,1,1,3.42,155,26,22,4,2,1
3,0,0,0,4.03,137,14,0,5,1,2
1,1,1,1,3.03,116,8,9,2,1,0
4,1,1,0,3.73,159,20,11,3,2,2
4,0,1,1,1.74,82,10,2,0,1,0
4,0,1,1,2.96,112,28,7,1,3,0
2,1,1,0,3.35,157,15,4,5,3,2
4,0,1,0,3.12,106,19,14,4,2,2
2,1,1,1,3.01,117,24,22,4,3,1
5,0,1,1,2.93,113,19,4,1,1,1
2,1,0,1,2.1,84,14,1,2,3,0
2,1,1,1,2.84,121,12,9,2,1,1
2,1,1,0,3.22,152,18,22,4,2,2
6,0,1,0,1.73,64,22,14,3,1,0
4,1,1,0,2.4,116,7,17,2,1,1
1,1,1,0,2.58,126,17,12,4,1,0
4,1,1,1,3.38,149,35,7,5,3,2
3,0,0,1,2.53,94,32,22,0,3,1
3,0,0,1,3.0,110,23,15,5,1,1
3,0,0,0,4.46,154,15,20,2,1,2
3,1,0,0,1.26,91,41,21,0,1,0
3,0,0,0,1.96,94,13,10,2,1,0
6,0,1,1,3.02,105,25,6,1,2,1
3,0,0,0,3.41,118,36,12,0,3,2
3,0,0,1,3.03,105,18,12,1,1,1
3,0,0,1,2.89,87,36,22,4,1,1
4,1,1,0,2.7,104,17,10,3,1,1
3,0,0,1,2.28,88,35,1,6,3,1
3,1,0,1,2.87,144,18,1,2,1,0
3,0,0,1,1.72,84,17,0,6,2,0
3,0,0,1,2.66,108,8,6,5,1,0
3,0,0,1,3.74,117,13,19,6,1,2
3,1,0,1,2.56,112,29,12,2,3,0
6,0,1,1,1.58,85,28,18,3,2,0
1,1,1,1,1.0,74,7,13,1,2,0
2,1,1,0,3.76,136,25,19,2,2,2
4,1,1,0,3.39,125,22,7,1,3,1
1,1,1,1,4.67,179,13,22,4,1,2
3,0,0,1,2.72,96,25,2,4,2,0
2,1,0,0,3.2,152,29,7,1,3,2
1,1,1,1,2.04,120,7,5,0,1,0
3,0,0,1,3.19,103,31,21,2,3,2
6,0,0,1,4.2,130,34,12,1,3,2
1,1,0,1,3.45,124,23,3,1,2,1
4,1,1,1,4.55,164,23,3,4,1,2
3,0,0,1,3.36,135,13,4,3,1,0
3,0,0,1,4.41,153,12,18,1,1,2
2,0,0,1,2.83,105,7,0,2,1,1
3,0,0,1,4.29,149,35,10,1,3,2
3,0,0,1,2.67,113,29,22,3,2,1
2,1,0,1,1.76,100,32,4,2,2,0
4,1,1,1,2.65,136,40,1,5,3,1
3,0,0,0,3.38,133,41,6,5,3,2
2,0,1,0,3.07,109,31,1,5,1,1
6,0,0,0,2.74,88,23,11,5,3,1
3,1,0,1,3.04,111,18,19,4,1,1
3,0,0,1,3.85,147,12,21,4,3,2
1,0,1,0,2.63,78,10,12,0,1,0
5,1,1,1,4.59,180,7,0,6,1,2
1,1,1,1,3.44,126,28,16,2,2,2
3,0,0,1,3.55,109,17,1,6,1,1
5,1,0,1,2.34,107,33,22,6,3,0
3,1,0,1,2.79,129,32,21,6,3,1
3,1,0,0,3.79,164,15,22,1,3,2
3,0,0,1,3.21,128,21,21,5,1,2
2,1,0,1,2.63,125,23,8,1,3,1
3,0,0,1,2.91,122,16,11,2,1,1
2,1,0,0,3.62,133,19,6,2,2,2
1,1,1,1,3.38,136,25,8,5,2,1
3,0,0,0,2.62,111,17,15,2,1,0
2,1,1,0,3.58,149,25,2,5,2,2
3,1,0,1,3.01,133,19,22,1,1,1
1,1,1,1,1.76,84,27,0,3,1,0
3,0,0,0,3.86,132,11,15,2,3,2
1,1,1,1,4.24,159,16,22,1,1,2
4,1,1,1,2.34,126,13,0,0,2,0
3,0,0,0,2.69,118,27,23,1,3,2
3,0,0,0,3.16,110,22,4,4,1,1
1,0,1,0,3.92,131,21,4,2,1,2
3,0,0,1,3.44,120,10,6,5,1,1
1,1,0,1,2.29,110,30,23,5,2,0
3,0,0,1,2.87,115,18,2,0,1,0
3,0,0,1,2.49,107,19,11,0,3,0
4,1,1,1,3.94,141,19,2,5,2,2
4,1,1,1,3.53,127,24,4,4,2,2
3,0,0,1,4.68,146,15,8,6,1,2
4,0,1,0,3.69,127,38,23,3,3,2
1,0,0,1,2.76,88,28,22,5,3,0
3,0,0,0,2.64,118,31,9,1,3,0
4,1,1,1,3.0,115,12,1,5,3,1
3,0,0,1,3.01,111,19,2,1,1,1
3,0,0,1,3.61,108,17,10,5,2,2
3,1,0,1,2.44,96,24,12,1,1,1
1,1,1,1,1.83,102,18,10,4,1,0
3,0,0,0,3.84,135,35,7,3,3,2
3,0,0,1,2.45,98,28,11,6,3,1
3,0,0,1,2.26,80,7,13,5,1,0
3,1,0,0,3.22,124,23,14,5,2,1
2,1,0,1,2.43,103,27,5,0,3,0
3,1,0,1,1.68,75,39,7,6,3,0
3,0,0,1,3.16,113,13,16,3,1,1
6,0,1,1,2.84,108,41,18,1,3,1
3,1,0,1,3.65,155,32,9,4,3,2
2,0,1,1,2.55,113,30,4,4,3,1
5,1,0,1,3.02,117,11,16,3,1,1
3,0,0,1,2.86,85,17,15,4,2,1
3,0,0,1,3.84,138,16,6,5,1,2
1,1,1,1,2.55,102,8,6,2,1,1
3,0,0,1,1.62,66,29,6,2,2,0
3,1,0,1,2.96,129,21,17,2,1,1
3,0,0,1,2.51,109,27,13,0,3,0
3,0,0,1,2.88,115,9,8,2,1,1
3,0,0,0,2.27,96,14,0,2,1,0
3,0,0,1,3.16,115,35,13,1,3,1
6,0,1,1,3.24,107,40,2,3,3,2
2,1,1,1,3.29,137,31,16,0,3,1
2,1,0,1,3.35,148,20,10,3,1,2
3,0,0,1,3.59,140,30,22,6,3,2
3,0,0,1,2.78,83,30,22,5,3,1
4,0,1,1,3.0,120,36,11,2,3,1
3,0,0,0,3.58,136,36,11,3,3,2
4,1,0,1,2.29,105,25,17,6,3,0
6,0,0,1,2.65,95,39,2,3,3,0
1,1,1,0,3.14,151,26,1,5,2,2
3,1,0,1,4.18,158,21,5,6,1,2
4,1,1,1,2.94,130,32,6,5,3,1
3,0,0,1,3.21,120,8,22,4,1,1
2,1,1,0,2.63,112,31,14,0,3,1
3,1,0,0,2.46,114,38,10,4,2,1
3,0,0,0,4.2,128,27,13,6,2,2
2,0,0,1,3.97,137,26,3,3,2,1
1,1,1,1,3.43,155,9,10,3,1,1
3,0,0,1,2.6,112,41,0,5,3,0
2,0,1,1,3.36,100,38,18,1,2,2
1,0,0,1,1.96,78,20,22,5,2,0
3,0,0,1,4.36,158,24,10,3,1,2
3,0,0,1,1.83,59,30,2,1,2,0
3,1,0,0,3.47,160,40,1,5,3,1
2,0,0,1,2.68,80,37,20,3,2,0
3,0,0,1,3.17,95,33,23,2,2,1
4,1,0,1,2.42,118,33,9,0,3,0
2,1,1,0,3.25,137,8,17,2,2,1
3,0,0,1,3.89,131,20,22,2,2,2
1,1,1,1,2.29,127,29,10,1,3,0
4,1,1,0,2.96,133,22,13,2,2,1
1,1,1,1,2.69,115,22,14,1,1,1
2,0,1,0,2.26,94,6,0,2,1,0
3,0,0,1,4.11,123,15,2,0,1,2
4,1,1,0,2.26,122,26,8,2,3,0
2,1,1,1,2.93,116,17,23,2,3,2
1,1,1,1,3.13,129,32,17,1,3,1
2,1,0,1,2.97,131,10,1,4,1,1
4,1,1,0,3.99,145,20,3,0,1,2
6,1,1,1,3.56,132,13,1,4,1,2
1,1,1,1,2.09,96,16,15,6,1,0
3,0,0,1,2.89,119,25,12,6,3,0
3,1,0,0,2.56,99,23,17,4,3,1
5,0,1,1,2.6,91,23,18,0,2,1
4,1,0,1,3.15,127,17,4,6,1,1
5,1,1,1,1.66,84,40,7,2,2,0
3,0,0,1,3.07,98,16,19,5,1,1
2,1,1,0,3.35,151,37,16,0,3,1
2,0,1,0,2.29,86,35,3,3,3,0
6,0,1,1,3.56,107,28,10,3,2,2
3,0,0,1,1.65,58,7,19,4,3,0
3,1,0,1,3.77,149,20,9,6,1,2
2,1,0,1,1.87,112,19,7,1,2,0
2,1,1,0,3.14,125,12,0,0,1,1
3,0,0,1,3.54,111,33,19,3,3,1
4,1,1,1,4.35,171,7,15,6,2,2
2,1,0,1,2.95,139,35,9,3,2,1
3,0,0,1,3.72,130,30,7,6,3,2
3,1,0,0,3.53,125,31,20,4,2,2
2,1,0,1,3.43,127,28,1,1,3,1
5,1,0,0,2.88,124,17,0,0,2,0
5,1,0,1,2.57,114,41,7,2,2,1
3,0,0,0,2.56,81,12,6,1,1,1
3,0,0,0,3.31,131,23,12,4,2,2
3,0,0,0,3.48,126,35,10,0,3,2
2,0,1,1,2.02,82,25,5,2,2,0
3,0,0,1,3.76,137,14,11,1,1,2
1,1,1,1,1.94,90,34,16,3,1,0
3,0,0,0,3.06,97,12,18,4,1,1
3,0,0,1,3.04,105,34,12,3,3,1
3,1,0,0,2.08,108,15,4,0,1,0
3,0,0,1,2.83,109,6,0,0,1,0
2,1,0,1,2.59,129,37,11,4,3,1
2,1,1,1,3.3,133,34,16,3,3,1
2,1,1,1,3.64,164,24,15,1,3,1
5,1,0,1,2.79,129,13,22,2,1,1
6,0,1,1,2.39,75,26,0,1,2,0
4,0,1,1,2.89,87,15,17,2,1,1
4,1,1,0,2.56,128,25,18,1,3,0
1,0,1,1,2.39,86,14,20,3,1,0
3,0,0,1,2.1,85,25,12,5,2,1
4,1,1,1,3.27,155,30,10,3,2,1
1,1,1,1,3.52,140,32,14,4,1,2
5,1,0,0,4.56,169,7,7,5,2,2
3,0,0,1,2.63,106,36,19,3,3,1
1,1,1,0,3.24,142,34,2,4,2,1
6,0,1,0,2.84,119,17,12,5,1,2
3,1,0,1,2.99,123,21,19,4,1,1
3,0,0,1,3.65,111,7,0,4,1,1
4,0,1,0,1.89,78,38,14,1,1,0
3,0,0,1,3.0,118,32,6,3,3,1
3,0,0,1,3.27,131,29,19,2,3,2
3,0,0,0,2.51,107,36,22,6,3,0
2,1,0,1,3.14,136,37,8,0,2,1
2,1,1,1,2.48,100,31,14,4,3,0
2,1,0,0,3.44,125,35,7,1,3,1
3,1,0,0,3.95,169,22,9,5,1,2
2,1,1,1,2.89,136,19,8,5,1,1
3,1,0,1,3.21,133,30,15,1,3,1
6,0,0,0,2.31,75,16,21,6,2,1
5,0,1,0,2.88,86,20,15,4,1,1
2,1,0,0,4.29,161,24,21,1,2,2
4,1,1,1,3.72,162,17,15,5,1,1
3,0,0,0,2.61,83,19,14,2,1,0
5,1,1,1,3.09,150,17,9,0,1,1
4,1,1,1,3.15,123,28,20,3,3,1
3,0,0,0,2.01,66,22,16,0,3,0
3,0,0,0,3.63,133,35,23,5,2,2
3,0,0,1,4.23,159,19,8,3,1,2
4,1,1,1,2.96,137,31,2,6,3,1
3,0,0,1,3.16,129,41,21,0,3,1
3,0,0,0,3.68,130,6,7,3,1,2
4,1,1,1,2.98,125,12,4,3,2,1
3,1,0,1,2.67,132,9,13,2,1,1
2,1,1,1,3.64,138,29,14,6,2,1
1,1,1,1,2.73,112,14,18,4,1,1
4,1,1,1,1.76,87,12,23,1,2,0
3,0,0,1,3.02,121,35,2,4,3,1
1,1,0,0,3.05,125,24,16,1,3,1
3,0,0,0,3.26,123,34,5,0,3,2
4,1,1,1,3.33,146,33,8,5,3,2
4,0,1,1,3.76,128,28,13,4,3,2
2,1,0,1,3.73,132,10,5,5,1,1
2,1,1,0,2.6,133,33,0,3,3,1
3,0,0,1,1.0,36,23,0,2,2,0
4,1,1,1,3.75,144,37,18,4,3,2
2,1,1,1,3.06,125,32,13,4,3,1
2,1,0,0,3.28,142,32,18,3,3,1
4,1,1,0,2.16,106,6,5,2,1,1
6,1,1,1,3.1,134,33,14,4,3,1
5,1,0,1,1.83,99,38,10,4,3,0
2,0,1,0,4.74,174,25,19,3,2,2
1,1,1,1,4.5,165,33,23,1,3,2
3,1,0,1,3.02,119,38,13,2,2,1
6,1,1,1,2.19,109,30,9,5,3,0
2,1,0,1,4.18,181,38,19,4,2,2
4,1,1,1,4.91,204,32,0,4,2,2
3,0,0,0,2.82,107,16,1,1,1,0
3,0,0,0,3.44,142,23,10,5,1,1
2,1,1,0,3.21,148,27,21,0,1,2
3,1,0,1,4.1,159,14,18,1,1,2
3,0,0,1,3.64,132,18,7,6,2,2
3,1,0,1,2.66,135,30,23,5,3,1
3,0,0,1,2.99,90,26,9,6,3,2
1,1,1,1,2.63,129,34,23,5,2,1
2,1,1,1,5.0,193,29,20,3,2,2
3,0,0,1,3.5,113,15,0,3,2,2
2,1,1,1,4.16,147,18,14,3,1,2
3,0,0,1,2.72,97,22,15,2,2,1
1,1,1,0,3.33,135,15,13,1,1,2
3,0,0,1,2.13,92,12,23,6,2,0
6,0,1,1,4.27,167,37,19,1,2,2
4,1,0,1,3.24,127,13,4,3,1,1
6,0,0,0,2.52,95,12,4,1,1,0
6,1,0,1,1.06,71,13,2,0,1,0
4,1,1,1,3.36,137,35,1,1,3,1
4,0,1,1,2.93,115,27,15,5,1,1
2,0,0,1,4.25,150,17,9,4,1,2
3,0,0,1,4.87,155,13,11,6,1,2
3,0,0,1,2.15,80,14,5,1,1,0
1,1,1,1,3.21,133,21,16,4,2,1
1,1,1,1,2.62,117,29,4,5,3,0
4,1,1,1,3.32,155,28,18,3,3,2
2,0,1,0,2.77,100,36,23,4,3,0
3,0,0,0,1.68,66,33,1,3,3,0
3,0,0,1,2.71,89,21,14,6,3,1
2,1,1,0,2.93,120,18,23,0,1,1
2,1,1,1,2.85,133,17,23,6,2,1
4,1,1,1,3.78,163,22,17,5,3,2
1,1,0,0,2.16,87,31,11,5,3,0
2,1,0,0,3.06,128,30,3,6,3,2
1,0,1,1,2.36,89,39,7,6,3,0
6,0,1,1,4.18,133,40,9,2,3,2
5,1,1,1,3.39,133,30,5,0,2,2
2,1,1,1,2.3,103,41,3,4,3,0
3,1,0,0,3.36,146,24,20,2,3,1
4,1,1,0,1.57,81,16,21,6,1,0
3,0,0,1,2.85,112,30,10,6,3,1
5,1,0,0,4.51,191,12,23,0,1,2
3,0,0,1,2.15,82,27,16,2,2,0
1,1,1,0,3.23,141,21,15,3,1,2
2,1,1,1,2.7,126,19,17,5,2,0
3,0,0,1,3.22,120,20,11,6,1,1
3,0,0,1,3.89,141,32,14,0,2,2
2,1,1,1,2.72,126,13,4,4,3,1
4,1,1,1,2.05,108,30,15,3,3,0
4,1,1,0,3.21,133,30,23,0,3,1
3,1,0,1,3.33,150,9,13,5,1,1
3,0,0,1,2.35,72,20,2,3,1,0
2,1,1,1,2.63,99,37,22,2,3,1
1,1,1,1,2.62,130,23,18,1,2,1
1,1,0,1,3.84,153,12,1,4,3,2
2,1,0,0,2.98,125,13,19,5,1,1
3,0,0,1,2.77,115,31,12,2,3,0
6,1,1,1,3.72,142,41,21,3,3,2
2,1,1,1,1.66,71,35,12,2,2,0
3,0,0,0,3.37,126,40,8,4,3,1
5,1,1,0,3.26,151,31,10,6,2,2
6,0,1,1,2.26,74,6,12,1,2,0
3,0,0,1,3.25,132,27,7,4,3,1
3,0,0,1,3.12,99,21,14,3,2,0
3,0,0,0,4.12,158,29,14,3,2,1
6,0,1,0,3.22,111,22,10,5,1,1
4,1,1,0,2.64,122,20,5,2,1,1
2,1,1,0,2.98,109,30,21,3,3,1
1,1,1,1,4.51,179,19,21,1,1,2
3,0,0,0,3.6,117,40,8,4,2,2
6,0,0,1,2.96,103,32,14,2,2,0
2,1,1,0,3.15,129,18,22,5,1,1
4,0,0,1,3.48,111,34,7,1,3,2
6,0,1,0,4.05,149,34,2,5,3,2
3,0,0,1,3.8,152,33,18,0,2,2
3,1,0,1,4.52,182,16,4,0,2,2
2,0,0,1,2.88,91,11,22,5,1,1
1,0,1,1,3.21,111,34,13,3,2,2
4,1,1,1,3.27,137,17,13,2,1,2
3,0,0,1,3.17,110,40,10,0,3,1
1,1,1,1,3.01,116,14,20,1,1,1
3,0,0,1,1.83,67,32,16,1,3,0
6,0,0,0,4.45,158,32,17,6,3,2
3,0,0,0,2.27,93,36,0,5,3,0
3,0,0,1,2.59,90,36,7,5,3,0
1,1,1,1,3.16,120,23,7,0,3,2
2,0,1,0,2.76,114,8,10,6,1,1
2,1,0,1,3.49,149,36,9,3,3,1
3,0,0,1,3.14,113,16,10,3,1,1
4,0,1,0,1.97,61,30,9,3,3,0
4,1,1,1,2.6,101,13,18,5,1,0
3,0,0,1,2.23,91,17,4,5,2,0
5,1,1,1,3.16,124,25,8,1,2,1
3,0,0,0,4.19,126,6,5,1,2,2
5,0,0,0,3.3,112,21,10,5,1,1
2,1,1,1,2.4,121,16,20,2,1,0
2,1,1,1,3.97,150,30,12,5,3,2
4,0,1,1,3.66,134,18,13,1,1,2
3,0,0,0,2.72,113,33,8,3,3,1
4,1,1,1,3.83,146,17,5,5,1,2
2,1,1,0,3.62,141,28,7,0,2,2
4,1,1,1,3.41,145,31,0,6,3,1
3,1,0,0,3.7,164,18,4,5,2,2
3,0,0,0,2.96,113,41,22,3,3,2
3,0,0,0,2.89,106,39,20,5,2,0
2,1,1,0,3.67,157,12,22,6,1,2
2,1,1,0,3.74,167,28,19,0,2,2
3,0,0,0,3.6,147,13,23,5,3,2
4,1,1,1,2.42,93,27,7,5,3,0
2,1,1,1,3.44,131,6,15,3,1,1
3,0,0,1,3.48,126,20,0,1,2,1
2,1,0,0,3.18,129,13,11,2,1,1
3,0,0,0,3.68,122,19,13,4,3,2
3,0,0,1,3.05,113,37,10,3,3,1
3,0,0,0,2.84,101,11,20,0,2,1
3,0,0,1,3.15,95,11,10,1,2,1
3,0,0,1,2.41,91,34,12,2,3,0
2,0,0,1,3.17,114,14,0,6,1,2
1,1,1,1,2.42,94,9,6,3,1,0
1,1,1,1,2.59,108,39,13,6,2,1
4,1,0,1,2.8,143,41,10,2,2,1
2,1,0,1,2.56,97,23,16,4,2,1
4,1,1,1,3.4,157,23,11,2,1,1
6,0,1,0,2.05,74,12,1,5,2,0
1,1,1,1,4.13,158,18,2,4,1,2
4,1,1,0,3.32,137,20,20,1,2,2
2,1,1,0,1.84,108,18,11,6,2,0
2,0,1,1,3.04,96,27,11,5,3,2
5,1,0,1,2.81,116,29,8,4,2,0
4,1,1,1,1.89,111,38,15,5,3,0
3,0,0,1,3.09,113,18,3,6,1,1
2,1,1,1,2.62,115,25,10,1,3,0
3,0,0,1,3.87,127,29,1,6,2,2
6,0,1,1,2.86,114,15,6,1,3,0
2,1,0,1,3.31,158,23,10,5,1,1
4,0,1,0,2.6,84,34,1,1,3,1
3,1,0,0,3.01,141,15,15,4,1,2
3,1,0,0,3.91,155,14,3,4,1,2
4,1,1,1,2.76,107,25,8,3,2,0
3,0,0,1,4.0,139,17,13,1,2,2
1,1,1,0,2.91,133,25,22,5,2,1
3,0,0,0,2.51,111,11,8,0,2,0
3,0,0,1,2.87,92,38,13,4,3,1
2,1,1,1,1.79,77,28,7,0,1,0
4,1,1,0,2.13,93,31,7,1,3,0
2,1,1,0,3.34,134,13,17,2,1,2
2,1,1,1,2.71,103,26,17,2,2,1
4,1,1,1,3.3,123,27,0,3,3,1
2,1,1,1,4.3,171,21,2,3,1,2
5,1,1,1,3.03,146,23,3,1,2,2
3,0,0,1,3.07,100,34,20,1,3,2
5,1,1,1,3.82,148,33,19,0,3,2
1,1,1,1,2.78,105,19,19,4,2,1
3,0,0,0,3.13,121,20,0,0,1,1
3,1,0,1,3.61,133,17,17,3,1,2
2,0,0,1,2.47,90,16,14,5,1,1
3,0,0,0,2.25,92,17,22,3,2,0
2,1,1,0,2.92,127,11,8,4,1,1
2,1,1,1,3.22,123,16,23,3,1,1
3,0,0,0,2.41,92,21,15,1,2,0
2,1,0,1,2.63,108,34,20,6,3,0
1,1,0,1,2.64,136,36,14,6,2,1
2,1,1,1,3.43,129,32,3,0,2,2
4,1,0,1,3.33,142,15,15,3,1,1
1,0,0,1,2.65,113,28,17,6,2,0
3,0,0,0,2.98,102,17,2,2,3,2
1,1,1,1,1.94,91,17,12,2,1,0
3,0,0,1,3.57,116,31,23,5,3,2
2,1,1,1,2.64,110,34,8,5,3,1
4,1,1,1,3.67,167,9,5,0,2,2
3,0,0,1,3.32,132,8,2,3,1,1
1,0,1,1,3.75,121,18,17,2,1,2
3,0,0,0,3.07,108,16,4,4,1,2
2,1,1,1,3.99,155,13,18,6,1,2
3,0,0,1,3.0,92,13,9,3,1,1
3,0,0,1,2.54,106,40,7,2,3,0
3,1,0,1,2.7,101,11,3,4,3,0
2,1,1,1,4.6,169,13,12,4,1,2
1,1,1,1,1.33,97,12,22,2,1,0
4,0,1,0,3.13,96,28,0,4,3,1
3,0,0,1,3.84,127,17,3,2,1,2
5,0,0,0,2.83,117,35,12,0,3,1
4,1,1,0,2.88,126,19,6,4,2,1
3,0,0,1,2.96,109,25,9,2,1,2
4,0,1,0,3.03,93,24,0,0,3,1
3,0,0,1,3.55,123,33,22,3,3,2
6,0,1,0,3.23,100,12,23,0,1,1
1,1,1,1,3.77,151,17,20,2,2,2
2,1,1,1,3.8,135,24,18,6,3,2
3,0,0,1,3.08,103,31,19,4,3,1
1,1,1,1,2.33,105,36,23,6,3,0
1,1,1,1,2.67,109,23,21,5,2,0
5,1,1,0,2.44,126,26,3,6,3,0
3,1,0,0,2.86,110,8,0,4,1,1
2,1,1,1,3.22,123,28,17,3,2,2
3,1,0,1,2.44,103,35,19,2,3,0
1,1,1,1,4.1,154,15,5,2,1,2
4,1,1,1,3.43,130,25,8,1,2,2
3,0,0,0,3.12,94,6,2,6,1,2
4,1,1,0,2.85,112,35,1,6,3,0
3,0,0,1,2.83,94,23,5,1,2,0
2,1,0,1,2.31,124,18,1,1,3,1
2,1,1,1,2.54,105,40,15,5,2,0
5,0,0,1,3.4,122,15,18,1,1,2
3,1,0,1,2.86,124,32,7,1,2,1
2,1,0,1,3.17,122,33,13,6,3,1
3,0,0,1,2.4,107,31,14,6,3,0
2,1,1,1,2.84,133,41,5,5,3,1
6,0,1,1,3.03,101,22,1,4,1,1
4,1,1,1,2.39,104,40,16,0,3,0
4,1,1,1,2.2,106,40,9,3,2,0
6,0,1,0,3.4,123,12,16,5,1,2
3,0,0,0,2.82,104,27,23,0,3,1
2,1,1,1,3.87,165,18,14,6,1,2
1,1,0,1,5.0,208,27,22,2,1,2
6,0,1,1,2.7,100,22,10,5,1,1
3,0,0,1,2.69,103,29,17,2,3,0
3,1,0,1,2.99,131,23,2,2,2,1
2,1,0,1,4.36,156,28,19,3,2,2
4,1,1,1,3.24,125,14,20,2,2,1
3,0,0,1,4.61,138,31,22,6,3,2
6,0,1,0,2.29,93,21,5,4,3,0
6,0,0,1,3.31,136,22,23,2,3,2
3,0,0,1,2.48,111,24,0,5,3,0
6,0,0,1,2.68,101,25,8,6,1,0
4,1,1,0,3.33,128,31,12,1,3,2
3,0,0,1,3.72,116,35,22,6,2,2
2,1,1,1,2.99,125,17,10,4,3,1
6,0,1,1,3.46,140,10,14,2,1,2
6,1,1,1,3.26,140,37,9,5,3,1
3,0,0,0,4.01,129,32,12,6,3,1
1,1,1,0,3.88,143,14,23,6,1,2
4,1,1,1,3.98,159,19,23,5,2,2
2,1,1,1,2.95,113,22,6,3,2,1
2,1,0,1,3.57,147,20,5,3,2,2
3,0,0,1,3.28,136,26,12,5,3,2
5,1,1,0,3.0,133,17,21,0,1,0
4,1,0,1,1.87,108,25,13,1,2,0
3,0,0,1,3.38,118,25,11,2,1,1
1,1,1,0,3.03,137,27,19,0,2,1
3,0,0,1,3.2,127,16,17,5,2,0
2,0,1,1,4.45,144,30,0,5,3,2
3,0,0,1,2.63,104,30,7,2,3,1
2,1,1,1,2.49,103,24,10,6,3,0
3,0,0,1,2.83,115,41,16,2,3,0
2,1,1,0,4.09,167,39,15,0,3,2
3,0,0,1,3.46,127,12,9,4,2,2
2,1,0,1,3.56,136,12,16,3,1,2
3,1,0,1,2.36,112,24,0,6,3,1
2,0,1,0,2.7,114,6,20,2,1,1
1,1,1,1,1.86,114,9,2,3,1,0
4,1,1,1,3.16,136,22,14,2,3,1
5,0,1,1,3.74,140,28,20,6,3,1
3,0,0,0,1.9,87,27,8,6,3,0
2,0,1,1,3.06,97,31,10,2,2,1
3,1,0,0,2.12,122,12,13,5,3,0
1,1,1,0,2.74,134,14,13,3,1,1
3,0,0,0,3.96,138,36,17,5,3,2
3,0,0,0,3.94,119,21,23,0,1,2
1,1,0,1,4.14,161,12,23,4,1,2
1,1,1,0,2.88,138,18,4,1,3,0
1,1,1,1,2.16,120,18,13,5,2,0
4,1,1,0,1.66,102,12,5,5,2,0
2,1,0,1,2.15,103,39,19,2,2,0
3,0,0,0,2.03,94,37,1,4,3,0
3,0,0,1,4.25,144,22,9,6,1,2
2,1,0,1,4.1,166,26,13,2,2,2
1,1,1,1,2.06,88,29,1,2,3,0
5,1,1,0,2.34,119,14,22,5,1,1
4,1,1,1,3.08,121,15,11,0,1,1
1,1,1,1,2.92,129,9,10,0,2,1
3,0,0,1,2.96,98,29,13,4,1,1
4,0,1,0,2.12,64,38,18,3,3,0
1,1,1,0,2.15,109,18,23,2,1,0
2,1,0,1,2.76,137,8,16,2,3,0
2,0,0,1,2.5,107,39,5,5,2,0
2,1,1,0,2.01,92,22,22,2,2,0
3,1,0,1,3.22,155,18,11,0,1,1
4,1,1,1,2.27,112,19,14,0,3,0
5,1,1,1,3.92,140,6,16,5,3,2
1,1,0,0,3.24,135,17,23,5,2,0
3,0,0,0,3.86,132,19,3,6,2,2
2,1,1,1,2.73,137,18,16,4,1,1
3,0,0,1,3.8,143,16,6,3,1,2
2,1,1,1,2.8,122,13,19,6,2,0
3,0,0,1,3.15,116,24,19,5,2,1
3,1,0,1,4.18,160,20,8,3,1,2
2,1,1,1,3.35,120,40,17,4,3,1
3,0,0,1,3.02,101,13,19,4,1,2
2,0,1,0,2.59,100,30,17,1,3,0
2,0,1,1,2.72,114,27,15,5,2,1
1,1,0,1,2.92,114,28,22,4,2,1
6,0,1,1,3.32,116,19,1,3,3,2
3,0,0,1,3.24,101,24,4,3,2,2
2,1,1,1,3.2,141,34,5,4,3,1
4,1,1,0,2.76,131,30,2,3,3,0
2,1,1,1,2.23,98,16,3,5,1,0
3,1,0,1,3.13,131,17,18,3,1,2
3,1,0,0,2.34,118,35,0,2,3,0
4,1,1,1,4.14,146,26,23,2,2,2
1,1,1,1,3.37,146,30,22,6,3,2
4,1,1,1,3.53,164,17,0,3,1,2
2,1,1,1,3.75,143,19,10,3,1,2
3,1,0,1,4.72,162,22,21,3,1,2
2,1,1,0,2.87,116,7,5,1,1,1
4,1,1,0,2.72,128,26,21,4,1,1
3,0,0,1,2.59,94,22,14,4,1,1
2,1,0,1,2.87,118,37,5,0,3,0
3,0,0,1,3.46,139,23,10,5,1,1
6,0,1,1,2.11,84,21,17,2,1,0
2,1,1,1,2.48,105,18,8,0,1,1
1,1,1,1,4.3,150,38,6,1,3,2
2,1,0,1,2.46,129,36,16,1,3,0
5,1,0,1,3.11,119,32,19,4,2,2
3,0,0,1,3.75,137,11,15,1,2,2
3,0,0,1,2.32,94,22,5,0,1,1
2,1,0,1,3.57,150,40,20,5,3,2
3,0,0,1,3.36,111,12,12,6,1,1
2,0,1,1,3.06,106,25,6,6,3,1
2,1,1,1,2.48,116,26,9,1,3,1
2,0,0,1,3.59,146,27,11,1,3,2
3,1,0,0,3.03,118,21,17,5,1,1
3,0,0,1,2.41,103,11,0,3,1,0
1,1,1,1,2.42,106,6,1,2,2,1
6,0,1,1,1.58,83,32,12,4,3,0
3,0,0,1,1.96,70,22,1,0,2,0
2,1,0,1,2.48,98,35,23,2,3,0
4,0,1,1,4.12,133,18,6,4,1,2
2,0,1,0,2.45,82,32,4,5,3,0
2,1,1,1,3.04,123,32,13,4,3,1
6,0,1,1,2.91,101,6,3,3,1,2
3,0,0,1,2.81,90,24,22,3,1,1
2,1,0,1,2.39,130,32,3,5,3,0
2,1,1,1,3.47,151,35,0,4,2,0
4,1,1,0,3.22,147,19,17,4,2,2
3,0,0,1,2.98,123,21,6,0,1,0
3,0,0,1,3.7,125,23,2,5,1,2
3,1,0,1,2.95,143,16,18,1,1,1
1,1,1,0,3.72,151,12,22,4,1,1
2,1,1,1,3.25,122,18,9,1,1,1
3,0,0,1,2.64,79,34,20,3,3,0
3,0,0,0,3.63,111,9,11,4,1,2
4,1,1,1,2.15,94,30,10,5,3,0
2,1,0,1,4.47,179,21,9,5,1,2
2,1,1,1,3.19,151,8,0,2,3,2
3,0,0,0,2.37,93,25,13,4,3,1
4,1,1,1,2.57,125,20,13,0,1,0
3,0,0,0,2.82,104,28,12,3,2,1
2,1,1,1,3.02,136,6,10,5,1,1
2,1,1,1,3.11,151,36,0,4,3,1
3,0,0,1,3.01,129,9,5,6,1,1
3,0,0,1,2.12,75,28,15,3,3,0
3,0,0,1,2.49,96,27,11,4,3,0
3,0,0,1,2.71,96,10,17,3,1,0
2,1,1,1,2.93,136,18,13,0,2,2
1,1,1,1,2.87,109,23,7,5,3,1
4,1,1,0,3.25,156,38,20,1,3,1
2,1,0,1,3.99,154,13,5,1,2,2
3,0,0,1,2.63,108,30,17,6,2,1
3,1,0,0,2.77,127,11,9,0,1,2
4,1,1,1,2.78,114,16,18,2,1,0
3,0,0,0,3.48,129,33,18,5,2,2
3,1,0,1,1.57,103,15,0,6,1,0
5,0,0,1,3.37,133,23,2,1,2,2
6,0,1,1,2.81,111,21,13,4,2,1
4,1,1,0,2.32,97,28,1,0,3,0
3,1,0,1,2.69,111,11,6,3,1,2
4,1,1,0,2.74,106,10,1,6,1,0
2,1,0,1,4.15,171,36,4,1,2,2
4,1,1,1,2.29,122,32,9,2,3,0
2,1,1,0,2.65,103,15,13,0,1,1
5,1,1,1,3.31,152,24,21,1,2,2
3,0,0,1,3.19,128,30,10,2,3,1
3,0,0,1,2.67,92,15,17,1,1,0
3,0,0,1,3.57,145,24,3,5,3,2
6,0,0,1,3.25,110,31,8,3,2,2
1,1,0,1,3.16,124,9,22,0,2,1
6,0,0,1,3.87,153,30,13,4,3,2
2,1,1,1,2.3,92,34,10,0,3,0
6,0,0,1,3.57,139,13,10,6,1,2
1,1,1,1,2.72,107,9,11,4,2,0
6,0,0,1,2.89,93,17,23,3,2,1
1,1,1,1,4.04,177,37,17,2,1,2
2,1,1,0,3.13,122,13,3,1,2,1
3,0,0,1,2.25,81,14,0,5,1,0
6,0,1,1,3.54,143,20,2,5,2,1
3,0,0,0,2.46,87,20,16,6,2,0
3,0,0,1,2.23,70,12,4,1,1,0
6,0,0,1,2.28,96,25,21,2,3,0
2,1,1,1,3.38,139,23,16,1,2,1
2,0,1,1,3.81,123,23,8,5,1,2
3,1,0,1,3.44,134,33,5,1,1,2
3,0,0,1,2.97,92,13,9,2,1,1
3,0,0,0,3.17,125,29,10,2,3,0
2,1,1,0,4.68,177,6,6,5,1,2
3,1,0,0,3.06,126,34,5,4,3,1
4,1,1,1,3.18,154,6,11,5,1,1
3,0,0,1,2.86,120,28,23,5,3,1
4,1,0,1,2.31,113,33,18,2,3,0
5,1,1,1,3.28,140,22,18,5,1,1
2,0,1,1,2.12,74,32,19,5,3,0
1,0,1,0,2.88,119,19,16,4,1,1
3,0,0,0,2.22,101,26,12,3,1,0
3,0,0,1,1.65,85,32,2,4,1,0
4,1,1,1,1.94,80,18,2,4,3,0
3,0,0,0,3.57,115,14,15,1,2,2
4,1,1,1,2.74,119,23,13,6,1,1
1,1,0,1,3.22,150,17,8,1,1,1
5,1,1,1,2.96,141,41,16,2,3,1
3,0,0,1,2.3,82,16,2,6,2,0
3,0,0,0,3.98,122,30,9,2,1,2
2,1,1,1,3.11,141,37,15,0,3,1
1,1,1,1,4.57,171,24,8,5,3,2
2,1,1,1,1.9,104,10,15,1,1,0
1,1,1,1,3.58,142,26,12,6,2,2
2,1,0,0,2.64,110,36,8,3,3,1
3,1,0,1,3.46,127,33,23,6,2,1
6,1,1,1,2.34,123,22,19,5,2,0
2,1,0,1,4.94,168,32,1,0,3,2
3,1,0,0,2.66,137,26,15,4,2,1
3,1,0,1,2.8,135,31,4,2,2,1
3,0,0,1,3.46,128,21,3,2,1,1
3,0,0,1,1.64,65,15,12,0,2,0
2,0,1,1,3.69,136,40,8,3,2,2
4,1,1,1,2.11,106,23,20,6,2,0
2,0,0,1,3.03,124,11,19,6,2,1
3,0,0,0,1.84,93,27,11,6,1,0
3,0,0,1,3.58,132,13,12,0,1,2
2,0,0,1,3.65,146,41,21,3,3,2
2,1,1,1,2.11,105,28,22,3,2,0
5,1,1,1,2.91,128,12,11,5,2,1
1,1,1,1,4.04,144,24,12,2,2,2
3,0,0,1,3.18,103,28,9,0,3,2
3,0,0,1,2.46,76,15,23,1,2,1
3,1,0,1,1.89,82,32,8,3,2,0
2,0,0,1,3.53,127,10,13,5,1,2
4,1,1,0,4.35,151,17,23,3,2,2
2,1,0,1,2.7,124,18,19,1,3,0
3,0,0,1,3.68,149,35,7,1,3,2
3,0,0,1,4.46,163,19,7,2,3,2
2,1,1,0,4.68,190,35,16,0,3,2
1,0,1,0,2.39,110,20,12,0,2,0
6,1,0,1,3.14,147,19,15,5,1,1
6,0,0,0,3.24,120,20,23,0,2,1
3,0,0,0,2.23,91,15,18,0,1,0
4,1,1,1,2.74,117,25,2,1,2,0
3,0,0,0,1.53,57,32,4,3,3,0
3,0,0,1,4.1,137,19,14,3,1,2
6,0,0,1,3.21,122,17,3,4,2,1
3,0,0,1,3.71,114,35,4,6,3,2
3,0,0,1,3.07,107,23,14,4,3,1
2,1,1,1,3.14,143,20,16,1,2,1
3,0,0,1,2.57,106,39,1,6,3,0
3,1,0,1,3.07,147,24,1,4,2,1
4,1,1,1,3.04,113,29,5,5,2,0
5,1,1,1,2.88,127,33,8,5,2,0
2,1,1,1,1.26,78,39,23,2,3,0
2,1,1,0,3.38,132,23,16,6,3,1
6,0,0,1,3.99,139,35,13,5,2,2
3,0,0,1,2.96,91,16,10,0,3,1
6,0,1,1,3.83,144,23,23,6,1,2
4,1,1,1,2.68,130,21,6,6,1,0
3,1,0,1,3.48,146,19,18,2,2,1
3,0,0,0,3.43,121,30,19,3,2,2
6,0,1,1,3.61,122,24,18,3,2,1
5,1,1,1,2.59,119,16,17,0,1,0
3,0,0,1,3.11,120,15,1,1,1,1
2,1,1,1,3.3,134,15,12,4,1,2
1,1,1,0,2.43,128,30,5,4,3,0
3,0,0,1,3.29,118,25,4,2,3,2
6,0,0,1,3.44,117,32,0,6,3,1
3,1,0,0,2.74,118,39,13,2,2,0
2,1,1,1,3.6,164,13,4,6,2,2
5,1,1,1,2.81,116,31,0,2,3,1
4,1,1,1,3.03,128,20,6,5,1,2
4,1,1,1,2.67,129,12,11,6,1,0
2,1,0,1,3.87,153,26,16,3,2,2
2,1,1,1,2.39,104,27,21,0,2,0
1,1,1,1,2.35,125,17,10,4,3,0
2,1,1,0,3.05,146,13,2,1,1,0
4,1,0,0,2.69,119,23,23,1,3,1
3,0,0,1,2.83,102,14,21,4,1,1
2,1,1,1,3.8,140,40,2,0,3,2
3,0,0,1,2.67,83,29,18,5,3,0
4,1,1,1,3.44,156,8,6,5,1,2
6,0,1,0,3.95,119,31,22,0,3,2
1,1,1,1,2.99,113,40,0,0,3,0
2,0,1,1,3.27,107,21,2,6,2,2
3,0,0,1,3.45,134,23,0,3,1,2
2,1,0,1,4.27,160,21,0,1,2,2
4,1,1,1,3.81,172,35,21,1,3,1
2,1,1,1,3.22,120,14,13,1,1,1
3,0,0,1,2.58,86,25,0,1,3,1
2,1,0,1,3.0,119,19,1,6,2,0
3,0,0,1,2.51,112,12,23,5,2,0
5,1,0,1,3.02,136,31,22,1,3,1
2,1,0,1,3.23,136,31,11,4,3,1
2,1,1,1,3.15,121,15,19,4,1,0
3,0,0,0,2.46,73,26,23,4,2,0
2,1,1,1,3.05,138,13,14,3,1,1
5,1,1,1,3.43,160,13,3,6,1,1
3,0,0,0,3.63,121,25,2,1,1,2
5,1,0,0,4.07,162,27,22,0,3,2
2,1,1,1,1.82,103,25,11,1,3,0
3,0,0,0,2.55,96,22,4,5,2,0
6,0,1,1,2.71,89,15,15,4,1,0
2,1,1,0,2.74,118,24,18,3,2,1
4,1,1,1,2.24,91,29,23,2,2,0
3,0,0,0,3.24,127,33,2,0,3,1
3,0,0,0,2.93,126,10,22,2,1,0
4,0,1,1,3.5,142,22,6,0,1,1
6,0,1,0,3.24,115,30,13,0,3,2
4,1,0,0,2.58,132,19,23,2,3,0
4,1,1,0,2.72,133,31,11,1,2,1
5,0,1,1,2.64,91,30,16,6,3,1
2,1,1,1,3.01,123,8,20,3,1,1
2,0,1,1,2.8,116,13,16,6,3,1
3,0,0,0,1.17,63,22,9,3,2,0
3,0,0,0,2.45,108,9,18,6,1,0
3,0,0,0,2.74,91,18,21,1,1,0
2,1,1,1,2.69,130,10,20,4,2,1
1,1,1,1,2.64,104,31,8,0,3,0
4,1,1,1,2.49,94,27,13,3,1,0
1,1,0,1,3.06,117,41,19,0,3,1
3,0,0,1,3.44,129,11,16,1,1,1
4,1,1,1,3.04,131,27,7,3,3,1
4,1,1,1,5.0,197,13,13,6,1,2
2,0,1,0,2.71,96,30,20,2,3,1
3,0,0,0,3.25,119,18,16,0,1,1
4,1,1,1,1.94,97,13,5,4,1,0
3,0,0,1,2.76,119,27,4,2,3,1
5,0,1,1,3.69,134,16,19,4,1,2
6,0,0,0,2.57,104,16,8,4,1,1
2,1,1,1,3.51,129,19,20,4,1,2
3,0,0,1,2.62,98,41,19,6,3,1
6,0,1,0,2.74,99,30,19,2,2,1
2,1,1,1,2.33,94,31,12,1,2,0
2,1,1,1,3.48,152,37,0,5,3,2
5,0,1,1,3.12,111,17,18,4,1,1
3,0,0,0,4.12,155,15,6,5,1,2
6,1,0,0,2.37,91,13,6,5,1,0
4,1,1,1,2.31,91,11,0,1,2,0
6,0,0,1,2.38,91,30,21,1,3,1
3,0,0,0,2.85,119,18,5,2,2,1
3,1,0,1,2.64,138,16,12,3,3,1
4,1,0,1,1.77,75,26,0,2,1,0
3,1,0,1,2.79,127,26,13,3,3,1
5,1,0,0,2.78,140,34,9,4,3,1
2,1,0,1,3.73,150,16,17,1,1,2
3,0,0,1,3.72,144,12,21,0,1,2
6,1,0,1,2.77,123,21,17,5,1,1
3,0,0,0,2.19,87,29,15,1,3,0
3,0,0,0,2.88,91,12,8,4,1,1
3,0,0,1,3.14,106,33,22,5,3,1
6,0,0,1,3.0,112,17,15,6,1,1
6,1,1,1,3.51,133,22,1,3,1,2
6,0,1,0,2.28,84,20,14,2,2,1
1,1,0,1,3.83,135,15,18,4,1,2
3,1,0,1,2.29,106,39,11,2,3,0
2,1,1,1,3.47,142,16,16,5,1,2
4,1,1,1,3.36,126,27,2,5,2,0
1,0,1,1,3.9,136,23,23,6,2,2
4,1,1,1,2.28,96,27,17,3,3,0
4,1,1,1,2.55,112,33,12,5,3,0
3,0,0,1,2.23,92,15,10,5,1,1
1,1,1,0,3.6,129,32,13,5,3,2
3,0,0,1,2.59,112,24,18,6,2,1
3,0,0,1,4.01,138,25,14,2,2,2
2,0,0,1,2.99,105,21,6,1,3,1
3,0,0,1,2.32,73,15,1,0,1,0
2,0,1,1,2.31,107,31,13,4,3,0
4,0,1,1,3.51,122,12,22,2,1,1
3,0,0,1,3.51,111,37,3,4,3,2
3,1,0,1,3.15,130,12,20,5,1,0
2,1,0,0,3.23,154,24,3,2,2,1
3,0,0,1,4.59,172,33,3,4,3,2
3,0,0,1,2.62,117,16,7,2,1,0
3,0,0,0,3.13,96,38,11,4,2,1
3,0,0,0,1.67,87,17,19,6,1,0
2,1,0,0,3.6,152,31,20,5,3,2
2,0,1,1,5.0,154,12,7,5,1,2
1,1,1,1,2.81,133,12,23,1,1,1
3,1,0,0,2.4,103,14,2,6,2,1
5,1,0,1,4.04,144,27,17,5,3,2
3,0,0,1,4.12,146,34,3,4,3,2
3,0,0,1,1.65,77,20,23,3,1,0
5,1,1,0,3.17,123,15,19,0,2,1
1,0,0,0,2.83,87,35,15,2,3,0
3,0,0,1,3.3,122,19,5,3,1,2
1,1,1,1,3.8,147,27,18,2,2,2
3,1,0,1,2.83,108,32,23,5,3,1
1,1,1,1,3.63,145,26,6,2,2,1
6,0,1,0,3.17,113,29,7,6,2,1
2,1,1,1,3.0,121,19,1,1,2,1
3,0,0,1,2.74,99,17,9,5,1,1
3,0,0,1,3.67,126,21,7,0,2,1
2,1,1,1,4.28,177,28,16,0,1,2
2,1,1,1,3.36,143,18,18,3,1,1
1,1,0,1,4.17,155,38,18,4,2,2
3,0,0,0,4.37,165,11,19,1,1,2
4,1,0,1,2.08,104,32,17,6,3,0
3,0,0,1,3.13,109,36,21,6,1,0
1,1,0,1,2.69,100,28,14,3,3,1
3,0,0,1,3.94,132,24,19,3,3,2
2,1,0,0,3.11,144,32,0,6,2,2
2,1,1,0,2.99,117,28,7,1,3,1
2,1,0,1,3.75,146,18,11,0,1,2
2,1,1,0,3.28,145,26,19,4,3,2
3,1,0,1,2.43,115,35,19,1,3,0
5,1,1,1,1.94,112,28,3,2,3,0
3,1,0,1,3.51,146,24,17,2,2,1
3,0,0,0,2.2,92,27,15,5,2,0
3,0,0,1,4.26,145,23,6,6,2,2
2,1,1,1,2.95,119,37,21,6,3,0
2,1,1,1,3.35,139,12,14,6,2,2
3,0,0,0,2.59,77,7,18,4,1,1
4,1,0,1,3.09,132,9,3,2,1,1
3,0,0,0,2.53,75,41,7,4,3,0
2,0,1,0,3.6,117,13,0,0,1,2
3,0,0,1,2.45,104,22,11,2,1,0
3,0,0,1,3.32,137,20,10,6,3,1
5,1,1,1,2.77,124,27,8,2,2,1
3,0,0,0,3.32,116,37,21,3,3,1
2,1,1,0,3.65,160,13,21,6,1,2
4,1,1,1,2.92,133,15,19,4,1,1
3,0,0,1,2.79,110,34,7,2,3,1
4,1,1,1,2.58,114,9,12,2,2,1
3,0,0,0,3.11,131,26,20,0,2,1
6,0,0,1,2.87,114,25,14,2,3,0
3,0,0,1,2.23,83,16,5,4,1,0
3,0,0,0,3.79,120,13,0,3,2,2
2,1,1,1,1.83,104,7,6,2,1,0
2,1,0,1,3.57,160,24,20,5,3,2
3,0,0,1,2.62,84,21,12,2,1,0
6,0,1,1,2.34,105,26,14,0,3,0
2,1,0,0,3.91,154,14,7,4,1,2
3,1,0,1,2.74,139,29,23,0,2,1
6,0,1,1,3.38,109,8,7,2,1,1
3,1,0,1,3.42,130,26,18,1,2,2
3,0,0,1,1.48,51,36,21,5,2,0
2,1,1,1,2.77,137,27,16,4,2,2
2,1,1,0,3.32,136,6,8,1,1,2
3,0,0,1,3.09,96,33,11,4,3,1
3,1,0,1,1.75,85,10,0,6,3,0
6,0,1,1,2.94,115,14,19,1,1,1
2,1,1,1,2.11,112,41,12,1,3,0
2,0,0,1,3.08,95,14,23,2,1,0
5,1,0,1,4.25,185,14,20,1,1,2
3,0,0,0,3.45,122,34,4,2,3,2
1,1,1,1,3.39,145,32,11,5,1,2
4,0,1,0,2.06,88,39,3,0,2,1
4,1,0,0,4.87,177,35,21,3,3,2
2,1,1,1,1.47,65,26,13,1,2,0
2,1,1,1,2.82,117,18,17,0,1,0
6,1,0,1,4.08,163,18,22,2,1,1
6,0,1,1,1.64,79,31,18,0,2,0
2,1,1,0,2.05,103,36,1,6,3,0
4,0,1,1,2.37,90,35,14,1,3,0
1,1,1,1,2.49,131,32,9,1,3,0
2,1,1,0,2.9,110,22,1,5,1,1
3,1,0,1,2.96,122,20,9,3,1,1
2,0,0,1,3.13,116,17,1,6,3,1
3,0,0,1,3.62,132,12,1,6,1,2
3,0,0,1,2.97,89,31,2,2,3,2
1,1,1,1,4.07,148,32,8,6,2,2
2,1,1,1,2.92,137,41,10,1,3,1
3,0,0,1,3.71,122,24,7,4,1,2
3,1,0,1,2.75,106,24,19,4,3,1
2,1,0,1,3.4,159,26,22,0,3,1
4,1,1,0,2.75,113,35,20,2,3,1
6,0,0,1,3.43,140,23,13,0,2,2
6,0,0,0,1.0,47,22,17,1,3,0
1,1,0,0,2.38,92,7,10,4,2,0
4,1,1,1,3.98,148,20,9,3,1,2
5,1,1,1,3.41,136,33,9,3,3,1
2,0,1,1,3.33,128,33,0,3,1,2
3,0,0,0,3.83,130,21,23,6,1,2
3,0,0,1,3.87,119,16,4,2,2,2
4,1,1,1,3.12,119,13,20,0,1,1
3,0,0,0,3.21,126,21,14,3,3,2
1,1,1,1,2.62,136,27,16,3,3,0
2,1,1,1,2.32,122,16,17,1,1,0
3,0,0,0,2.12,68,35,0,5,3,0
3,0,0,0,3.56,143,21,20,3,2,2
3,1,0,1,2.78,136,23,17,2,2,1
1,1,1,1,2.57,111,35,14,1,2,0
2,1,1,1,3.36,133,32,21,3,3,1
2,1,1,1,3.96,143,25,20,6,1,2
1,1,1,1,2.29,124,35,5,2,3,0
6,1,0,1,3.12,144,33,8,3,3,1
3,0,0,0,2.47,76,28,9,0,2,0
1,1,0,1,3.25,119,19,8,3,2,2
5,1,0,0,4.05,162,39,10,5,3,2
4,1,1,1,3.62,149,33,17,2,3,2
4,1,0,0,3.52,134,24,10,6,1,1
2,1,0,0,3.48,126,25,18,5,3,2
1,1,0,1,2.94,119,12,8,2,1,1
4,1,0,1,3.56,154,18,5,6,1,2
3,0,0,1,3.58,123,22,4,6,2,2
4,1,1,0,2.88,112,24,19,0,3,0
3,0,0,1,2.48,86,21,5,6,2,0
1,1,1,1,3.44,124,17,21,1,1,1
1,1,1,1,3.58,130,21,18,5,2,2
2,1,1,0,3.74,141,27,17,2,2,2
2,0,0,1,2.89,124,18,13,6,1,1
3,1,0,1,2.62,121,20,7,5,2,0
2,1,1,1,1.52,81,25,4,0,2,0
3,0,0,1,3.25,102,29,22,5,2,1
4,1,1,1,3.23,134,18,2,5,1,2
4,1,1,1,3.19,119,25,16,5,3,1
3,0,0,1,3.75,143,36,11,6,3,2
6,0,1,1,3.46,112,33,23,5,2,2
1,1,1,0,2.63,106,17,20,3,2,0
3,0,0,0,2.2,92,15,17,0,1,0
2,1,1,0,3.43,134,18,7,1,1,1
4,1,1,1,4.07,160,12,2,5,2,2
3,0,0,1,2.8,104,28,14,5,3,1
3,0,0,1,2.68,103,18,7,0,1,0
1,1,1,1,2.9,144,35,17,1,3,1
3,0,0,0,1.91,60,30,8,5,3,0
3,0,0,1,2.01,83,28,5,6,2,0
3,0,0,1,1.8,88,30,16,0,3,0
3,0,0,1,2.49,76,12,21,1,3,1
2,1,0,1,3.0,113,7,13,2,1,0
6,0,1,0,2.04,97,16,23,1,2,0
2,1,0,1,2.83,143,17,13,6,1,1
6,0,0,0,3.14,128,21,12,2,3,2
3,0,0,1,2.73,111,32,23,0,3,1
3,0,0,0,2.93,111,34,9,6,3,1
3,0,0,1,3.23,135,18,13,6,2,2
3,0,0,0,3.07,104,38,2,3,2,1
2,1,1,1,1.9,80,15,0,1,2,0
6,0,1,1,4.97,162,19,6,3,1,2
6,0,0,0,2.31,81,16,15,6,1,0
3,0,0,0,2.33,95,28,23,1,2,0
3,0,0,1,3.67,115,25,14,2,3,1
6,0,0,1,2.41,88,34,18,1,3,0
2,1,1,1,3.16,149,35,7,1,3,1
5,1,1,1,2.29,127,30,7,5,3,0
3,0,0,0,2.47,108,34,23,3,2,0
2,1,1,0,4.26,163,27,4,5,3,2
2,0,1,1,2.85,86,32,10,0,3,0
5,1,1,1,3.22,128,19,1,3,2,1
3,1,0,0,2.45,94,16,8,5,1,1
4,1,1,0,3.17,142,6,2,2,2,2
3,0,0,1,1.87,81,27,14,5,3,0
2,1,0,0,2.38,112,15,1,4,1,0
4,1,1,0,3.12,115,29,5,2,3,2
4,1,1,0,4.56,190,15,16,0,1,2
3,1,0,1,3.7,142,32,23,3,3,1
2,1,1,1,2.91,130,14,4,2,1,1
2,1,1,1,2.87,110,26,23,6,1,1
2,1,1,0,2.15,103,11,15,4,1,0
3,0,0,1,2.22,104,18,23,1,1,0
3,0,0,1,2.42,110,41,16,1,3,0
4,1,1,1,2.87,118,39,20,3,1,1
4,1,1,1,3.5,136,31,23,2,3,2
3,0,0,1,3.22,108,28,5,4,1,1
5,1,0,1,2.29,97,33,11,3,3,0
4,1,1,1,2.46,125,29,1,1,3,1
4,1,0,1,2.43,131,29,3,4,3,0
4,1,1,1,3.08,127,19,20,1,2,1
3,0,0,1,4.21,160,31,23,2,3,2
2,0,1,1,3.24,99,25,15,2,3,1
6,1,0,0,2.41,96,27,4,1,1,1
6,0,1,0,3.56,131,29,4,5,2,2
1,1,1,0,2.68,110,12,4,0,1,1
1,1,1,1,3.91,143,28,12,1,3,2
4,1,1,1,2.16,93,37,15,1,3,0
3,0,0,1,3.16,127,7,17,0,1,1
6,0,0,1,2.49,76,22,21,3,2,0
3,1,0,1,1.66,76,23,1,0,1,0
6,0,0,1,2.63,108,13,7,0,1,1
5,1,0,1,3.46,133,27,0,5,2,2
1,1,1,1,4.62,164,16,22,3,2,2
3,0,0,1,3.46,104,25,8,3,3,2
2,1,0,1,3.01,115,14,7,1,1,2
4,1,1,1,2.0,111,23,22,6,2,0
3,0,0,1,3.09,111,34,4,5,3,1
3,0,0,0,3.12,126,40,8,0,2,1
3,1,0,0,4.25,162,16,1,4,1,2
2,1,0,1,3.63,152,16,7,1,1,2
4,1,1,1,2.79,114,27,1,5,3,0
3,0,0,1,2.26,73,27,14,0,2,1
6,0,1,1,2.98,127,34,14,6,2,1
3,0,0,1,2.7,97,13,13,4,1,0
2,1,1,0,2.11,93,14,12,6,1,0
6,0,1,1,2.99,94,31,17,2,3,1
4,1,0,1,2.97,131,21,2,5,1,1
1,1,1,0,2.13,109,7,10,6,1,1
3,0,0,1,1.31,44,15,14,2,1,0
2,1,1,0,4.45,190,26,8,0,3,2
3,1,0,1,2.28,89,8,3,3,3,0
2,1,0,0,3.09,133,21,19,3,1,1
5,1,1,0,2.78,122,36,10,3,1,0
2,1,1,0,3.31,143,33,16,5,3,2
1,1,1,0,3.08,126,23,3,4,2,1
5,1,0,1,2.27,116,15,11,2,1,0
4,1,0,1,1.0,57,15,22,2,3,0
3,1,0,1,2.68,136,24,19,4,1,0
2,1,1,1,3.58,159,24,21,6,3,2
3,0,0,1,3.09,113,14,17,4,1,1
4,1,1,1,3.35,124,20,9,4,2,1
3,0,0,0,4.34,168,30,17,5,1,2
3,0,0,1,2.59,94,23,20,5,3,1
3,1,0,0,2.89,143,34,11,2,3,0
2,1,1,0,3.7,167,20,4,5,1,2
4,1,1,0,2.47,123,25,6,6,1,0
2,1,0,1,3.05,141,16,21,1,1,1
6,0,0,1,3.05,100,18,13,6,1,2
1,1,1,1,2.88,120,27,7,2,2,1
3,0,0,1,1.91,74,25,16,6,2,0
4,1,1,1,2.31,111,17,1,6,1,0
5,1,1,1,3.51,157,38,15,0,3,1
2,1,1,1,2.89,121,8,13,5,2,1
2,1,1,0,2.79,140,21,1,2,1,1
3,1,0,1,3.38,155,15,13,2,2,2
3,0,0,1,3.95,151,14,12,1,1,2
1,1,1,0,1.6,95,15,5,4,1,0
3,0,0,0,3.0,91,24,16,6,2,1
2,1,0,1,2.65,128,38,12,4,2,1
3,0,0,0,3.01,102,7,10,0,1,1
5,1,1,1,3.3,134,7,6,0,1,2
1,1,1,0,2.66,103,26,12,5,2,1
3,1,0,1,4.1,170,23,4,6,2,2
4,1,1,0,2.1,121,32,3,4,3,0
3,0,0,1,3.78,132,14,16,3,2,2
4,1,1,1,3.71,154,10,13,5,1,2
2,1,1,1,3.48,150,17,14,1,1,1
3,1,0,1,1.81,103,19,22,1,1,0
2,1,1,1,3.5,151,31,2,2,3,1
3,0,0,0,3.83,139,28,0,3,2,2
2,1,1,0,2.71,107,14,11,3,1,0
5,0,1,0,2.32,106,7,20,1,1,0
3,0,0,1,3.21,100,35,7,3,2,0
4,0,1,1,2.79,105,23,9,2,2,0
4,1,0,1,1.67,97,31,12,1,3,0
2,1,1,1,1.7,104,39,20,0,3,0
3,0,0,1,3.35,114,35,18,6,3,2
3,0,0,1,2.35,101,34,16,6,3,0
1,0,0,0,2.8,109,26,10,4,2,1
4,1,1,0,2.1,113,6,18,1,3,1
1,1,1,1,3.72,149,32,6,5,3,2
1,1,1,1,3.05,119,27,20,5,2,1
3,0,0,1,3.6,136,30,3,3,3,2
3,0,0,1,2.47,112,21,23,2,2,0
6,0,1,1,2.7,84,32,4,6,3,0
5,1,0,1,3.71,133,27,10,4,1,2
3,1,0,1,3.06,139,40,14,6,3,1
4,1,1,0,1.75,82,11,23,0,1,0
3,0,0,1,3.34,132,41,2,3,3,1
2,0,1,1,2.52,112,12,14,5,1,0
3,0,0,1,2.91,97,8,9,0,1,1
3,1,0,1,2.53,121,19,6,5,2,1
3,1,0,1,3.55,158,28,9,6,3,1
3,0,0,0,4.07,142,20,6,6,2,2
2,0,1,1,3.88,154,20,11,3,1,2
4,1,1,1,2.52,125,7,3,6,2,0
3,0,0,0,3.16,131,9,14,0,1,1
1,1,1,0,2.87,107,31,17,1,3,1
3,0,0,0,3.52,131,24,17,2,3,1
3,1,0,1,3.69,165,23,8,1,3,1
2,1,0,1,2.67,110,21,23,5,1,0
3,0,0,0,2.99,106,13,3,1,1,1
3,0,0,1,3.95,118,15,1,3,1,2
6,0,1,1,2.15,98,15,11,5,3,0
2,1,0,1,3.3,153,25,17,3,3,1
3,0,0,1,3.12,123,32,8,0,2,1
3,0,0,0,1.43,69,20,11,2,2,0
3,0,0,1,2.66,117,19,7,1,3,1
3,0,0,1,2.73,81,35,7,3,3,1
4,1,1,1,3.65,153,37,11,1,3,2
1,1,1,1,2.77,140,26,6,0,3,1
2,1,1,0,2.74,121,8,6,1,1,0
4,1,1,1,4.05,143,23,18,1,1,2
4,1,0,0,2.82,105,23,16,0,3,1
4,1,1,1,2.71,118,24,1,4,3,1
3,1,0,1,3.29,127,9,21,5,2,1
6,1,0,1,2.85,109,30,0,3,3,0
4,1,1,0,2.65,107,32,0,0,3,1
2,1,1,1,1.89,77,26,12,5,2,0
1,1,1,1,3.77,166,22,13,2,2,2
4,1,1,0,2.81,141,35,7,3,3,1
1,1,1,0,2.91,137,22,5,3,2,1
5,1,1,1,3.89,145,16,6,6,2,2
4,1,0,1,1.83,85,9,2,4,1,0
6,0,0,1,1.94,93,8,10,6,1,0
1,1,1,1,3.03,130,28,13,0,3,1
4,1,0,0,2.56,101,34,22,3,3,0
5,1,1,0,2.92,109,21,8,1,2,1
3,0,0,1,3.43,111,31,9,1,3,2
3,0,0,0,3.62,112,9,16,6,2,2
4,1,1,1,3.89,161,22,5,5,2,2
4,1,1,0,3.88,156,17,4,6,2,2
3,1,0,1,2.07,107,19,18,4,2,0
3,0,0,1,3.36,137,23,11,0,2,1
1,1,1,1,2.91,132,41,12,0,3,1
2,1,1,0,2.59,104,34,20,5,3,0
3,0,0,1,3.62,112,28,23,6,3,2
4,1,1,1,3.73,145,9,11,1,1,2
2,1,1,1,2.32,104,9,21,1,1,1
2,0,1,0,2.33,69,23,14,3,1,0
1,1,1,1,2.51,110,27,7,4,3,0
4,1,0,1,2.97,145,28,9,4,2,1
1,0,1,1,3.09,94,14,2,5,1,1
4,1,1,1,2.54,126,27,13,6,3,1
3,0,0,0,2.66,91,41,12,2,3,1
2,0,1,1,3.61,123,20,8,4,2,2
2,0,0,1,2.7,101,15,18,4,2,1
3,0,0,1,3.92,118,11,18,1,2,2
3,0,0,0,2.84,111,27,7,5,2,1
4,0,1,1,2.43,109,12,4,2,1,1
5,1,0,1,1.3,84,35,22,4,3,0
3,0,0,0,2.71,118,33,1,3,3,1
3,0,0,1,3.39,125,26,4,1,3,2
4,1,1,1,2.71,111,37,9,1,3,1
4,1,1,1,2.71,108,32,4,5,1,0
3,0,0,1,2.35,77,6,21,2,2,0
3,0,0,1,3.46,135,39,20,6,3,2
4,1,0,1,3.81,140,41,5,5,2,2
3,1,0,1,2.63,135,22,9,5,2,0
4,1,1,0,3.73,151,31,8,0,3,2
2,1,0,0,3.06,118,21,5,1,2,1
3,0,0,1,2.81,104,17,19,1,1,1
3,0,0,0,2.52,94,21,11,1,1,1
3,1,0,1,2.45,100,14,11,5,1,0
2,0,1,0,3.47,134,24,17,6,3,2
4,0,0,1,3.14,122,21,2,5,2,1
3,0,0,0,2.88,94,6,10,2,1,1
6,1,0,1,2.62,112,24,0,0,2,1
3,1,0,0,3.12,142,25,2,2,3,1
2,1,1,1,2.33,114,28,10,2,2,1
3,0,0,0,2.71,90,19,22,3,3,0
3,1,0,0,2.45,121,12,9,1,1,1
3,0,0,1,2.49,89,22,13,2,2,1
3,0,0,1,3.55,141,19,16,5,1,2
2,1,1,0,2.82,123,21,19,6,3,1
6,0,1,1,2.99,125,20,12,5,3,1
2,1,1,1,2.7,122,23,20,6,1,0
3,0,0,1,3.73,117,21,0,4,3,2
1,1,1,1,3.57,149,22,23,2,2,2
3,1,0,0,3.03,149,16,12,6,1,2
3,1,0,1,2.57,125,12,5,5,1,0
2,0,0,0,2.12,78,34,13,1,3,0
3,0,0,1,3.65,146,18,12,0,1,1
2,1,0,0,2.07,109,8,3,1,2,0
3,0,0,0,3.19,132,17,3,6,3,1
3,1,0,1,3.35,150,6,23,3,1,1
3,0,0,1,3.68,123,34,18,1,2,1
5,1,1,0,2.41,124,29,1,0,2,0
3,1,0,0,3.01,118,13,7,1,1,1
2,1,1,0,2.26,113,23,7,6,2,0
2,1,0,1,3.35,143,18,22,5,1,2
2,0,1,1,2.22,78,6,5,2,1,0
1,1,1,1,2.77,128,30,0,3,3,2
2,1,1,1,3.76,160,21,8,6,2,2
6,0,0,1,2.44,100,33,11,5,3,1
3,0,0,1,2.8,111,17,16,5,2,1
1,1,1,0,1.31,66,31,12,1,3,0
